"Audio / Video",Show,Tour,Date,"Matinée / Evening",Master,Cast,"Master Notes","Trading Notes","NFT Date","NFT Forever","Not For Sale","Gifting Status","Limited Trade Status",Type,"Release Format","Trader Format","My Notes","Amount Recorded",Venue,City,Collected,Link
Video,"The 25th Annual Putnam County Spelling Bee","Off-Broadway Revival","December, 2025",Matinee,"The Riddle","Lilli Cooper (Rona Lisa Peretti), Jasmine Rogers (Olive Ostrovsky), Kevin McHale (William Barfée), Autumn Best (Logainne Schwartzandgrubenierre), Matt Manuel (Mitch Mahoney), Justin Cooley (Leaf Coneybear), Leana Rae Concepcion (Marcy Park), Philippe Arroyo (Chip Tolentino), Jason Kravits (Douglas Panch), Michael Urie (g/p Guest Speller)","Good 4k capture of this fun show! Shot in a mix of mediums, wides, and closeups, with some more wide shots to emphasize the ensemble nature of the piece. Starts slightly after Lilli's entrance, with the first thirty seconds of video blacked out, and another blackout about 10 minutes in, when the audience was asked to stand up. Shot over the mezzanine ledge to the best of my ability, but it appears in most wide shots. Some shakiness from readjusting the frame every so often to ensure the ledge's presence was minimal, and actor's feet can be blocked off by it, but most mediums and closeups are not affected. I was sitting next to perhaps the loudest laugher in the entire world, apologies about that. Includes bows.",,2026-07-01,,,"Gift at your Discretion",Unrestricted,Bootleg,"MP4 (8.27 GB, 4K)","MP4 - 8.27 GB",,"Full Show","New World Stages - Stage 3","New York, NY",2026-09-12,https://encora.it/recordings/2026632/
Video,"The 25th Annual Putnam County Spelling Bee","Broadway Center Stage","October, 2024 (1)",Unknown,juniper47,"Bonnie Milligan (Rona Lisa Peretti), Nina White (Olive Ostrovsky), Kevin McHale (William Barfée), Beanie Feldstein (Logainne Schwartzandgrubenierre), Alex Joseph Grayson (Mitch Mahoney), Noah Galvin (Leaf Coneybear), Leana Rae Concepcion (Marcy Park), Philippe Arroyo (Chip Tolentino), Taran Killam (Douglas Panch), Ben Platt (g/p Guest Speller)","Filmed in 4K from balcony. Excellent steady capture of this much-anticipated production at KenCen, almost no obstruction (just a bit of my sleeve visible for the first number until it was adjusted), brief blackouts only when house lights went up. WIder shots during ensemble numbers and spelling segments to see the speller, Rona, and Panch; closer zooms for individual focus. Includes curtain call. 
NFT (NOT FOR TRADE) and sales only through master until July 28, 2025.",,2025-07-28,,NFS,"Never Gift",Unrestricted,Bootleg,"MP4 4K","MP4 - 9.43 GB",,"Full Show","The Kennedy Center - Eisenhower Theater","Washington, DC",2026-08-11,https://encora.it/recordings/2007402/
Video,"9 to 5: The Musical",Broadway,"April 11, 2009",Evening,,"Allison Janney (Violet Newstead), Megan Hilty (Doralee Rhodes), Stephanie J. Block (Judy Bernly), Kathy Fitzgerald (Roz Keith), Marc Kudisch (Franklin Hart Jr.), Andy Karl (Joe)",,"Originally circulated as an SD mkv (4.20 GB).
An HD mp4 (10.4 GB) version is also circulating - upscaled video with aspect ratio corrections and audio converted to stereo.",,,NFS,"Gift at your Discretion",Unrestricted,Pro-Shot,"MKV - 4.20 GB
MP4 - 10.4 GB","MKV - 4.21 GB",,"Full Show","Marquis Theatre","New York, NY",2026-09-07,https://encora.it/recordings/2038056/
Video,"Aaron Tveit in Concert","Aaron Tveit Live! - Barrington Stage Company","July 19, 2021",Evening,,"Aaron Tveit (Performer)",,"Encore streaming performance of Tony Award-winner Aaron Tveits concert due to popular demand! Singing beloved theatre, rock and pop favorites, Aarons performance — available for one weekend only — is sure to delight. Aaron dazzled BSC audiences in Company (2017), for which he won Broadway Worlds Regional award for Best Vocalist of the Decade, and is currently starring in Moulin Rouge! The Musical. Aarons Tony-winning performance is hailed as “staggeringly impressive” (Stage Left) and “gorgeous” (Entertainment Weekly).",,,,"Gift at your Discretion",Unrestricted,Pro-Shot,,"MP4 - 1.84 GB",,"Full Show","Barrington Stage Company - Boyd-Quinson Mainstage","Pittsfield, MA",2026-08-01,https://encora.it/recordings/1118133/
Video,"The Addams Family","West End Concert","February, 2024",Unknown,Jagweed,"Michelle Visage (Morticia Addams), Ramin Karimloo (Gomez Addams), Sam Buttery (Fester Addams), Chumisa Dornford-May (Wednesday Addams), Ryan Kopel (Lucas Beineke), Lesley Joseph (Grandma Addams), Dickon Gough (Lurch), Nicholas McLean (Pugsley Addams), Kara Lane (Alice Beineke), Sean Kingsley (Mal Beineke), Abigail Brodie (Madam Ancestor), Leeroy Boone (Viking Ancestor), Matthew Ives (Matador Ancestor), Katie Hutton (Ballerina Ancestor), Gavin Eden (Jester Ancestor), Chloe Gentles (Warrior Ancestor), Jessica Keable (Queen Ancestor), Castell Parker (Emperor Ancestor)","A near perfect capture of this concert. Occasional focus issues throughout that don’t last longer than several seconds. Filmed with a mix of wides and mediums. Recording includes the curtain call and marquee.",,2024-11-30,,NFS,"Never Gift",Unrestricted,Bootleg,"MP4 10.11 GB","MP4 - 9.50 GB",,"Full Show","London Palladium","London, United Kingdom",2026-09-13,https://encora.it/recordings/2002433/
Video,Aladdin,Broadway,"June 17, 2022",Matinee,bikinibottomday,"Jacob Gutierrez (t/r Aladdin), Shoba Narayan (Jasmine), Michael James Scott (Genie), Dennis Stowe (Jafar), J.C. Montgomery (Sultan), Don Darryl Rivera (Iago), Zach Bencal (Babkak), Brad Weinstock (Omar), Milo Alosi (Kassim), Bobby Pestka (Prince Abdullah), Wes Hart (Razoul), Keisha Gilles (Fortune Teller/Attendant), April Holloway (Attendant), Alicia Charles (Attendant), Charles South (Shop Owner), Jamie Kasey Patterson (Henchman), Netanel Bellaishe (Henchman), Alec Varcas (Ensemble), Tyler Roberts (Ensemble), Amber Owens (Ensemble), Pierre Marais (Ensemble), Heather Makalani (Ensemble), Albert Jennings (Ensemble), Cameron Hobbs (Ensemble), Samantha Farrow (Ensemble), Max B. Ehrlich (Ensemble), Josh Drake (Ensemble), Tia Altinay (Ensemble)",,"Great 4K capture of this show. The angle is a bit extreme, but little to no action is missed because of this. There are no other obstructions. ‘A Whole New World’ is less well filmed than the rest of the video due to usher vigilance, with one momentary blackout, but the rest of the song is captured. Both acts have moments of wandering, unfocusing, and brief blackouts. Includes curtain call, audio is fed from external source and a bit quiet.",2023-05-02,,,"Never Gift",Unrestricted,Bootleg,"MP4 (4K) - 19.54 GB","MP4 - 19.54 GB",,"Full Show","New Amsterdam Theatre","New York, NY",2026-08-26,https://encora.it/recordings/1136123/
Video,"All My Sons","The Old Vic","May 14, 2019",Evening,,"Bill Pullman (Joe Keller), Sally Field (Kate Keller), Colin Morgan (Chris Keller), Jenna Coleman (Ann Deever), Oliver Johnstone (George Deever), Sule Rimi (Dr. Bayliss), Kayla Meikle (Sue Bayliss), Bessie Carter (Lydia Lubey), Gunnar Cauthery (Frank Lubey), Theo Boyce (Ensemble), Ruth Redman (Ensemble), Russell Wilcox (Ensemble)",,"https://www.imdb.com/title/tt9382224/?ref_=nv_sr_1?ref_=nv_sr_1
National Theatre Live",,,,"Gift at your Discretion",Unrestricted,Pro-Shot,,"MP4 - 5.02 GB",,"Full Show","The Old Vic","London, United Kingdom",2026-09-02,https://encora.it/recordings/19022/
Video,"All My Sons","Third West End Revival",2025,Unknown,,"Bryan Cranston (Joe Keller), Marianne Jean-Baptiste (Kate Keller), Paapa Essiedu (Chris Keller), Hayley Squires (Ann Deever), Tom Glynn-Carney (George Deever), Richard Hansell (Dr. Bayliss), Cath Whitefield (Sue Bayliss), Aliyah Odoffin (Lydia Lubey), Zach Wyatt (Frank Lubey), Zayne Tayabali (Bert)",,,,,NFS,"Gift at your Discretion",Unrestricted,Pro-Shot,,"MP4 - 5.36 GB",,"Full Show","Wyndham's Theatre","London, United Kingdom",2026-09-01,https://encora.it/recordings/2038358/
Video,"All The Devils Are Here","McCarter Theatre","August, 2026",Unknown,,"Patrick Page (Performer)",,,,,NFS,"Gift at your Discretion",Unrestricted,Pro-Shot,,"MP4s - 19.98 GB total (1080p | 1440p | 1080p + talkback | 2160p + talkback) ",,"Full Show","McCarter Theatre Center","Princeton, NJ",2026-09-13,https://encora.it/recordings/2038432/
Video,Amélie,"Pre-Broadway / Los Angeles","December 4, 2016",Evening,"SJ Bernly","Phillipa Soo (Amélie Poulain), Adam Chanler-Berat (Nino Quincampoix), Tony Sheldon (Raymond Dufayel/Collignon), Manoel Felciano (Raphaël Poulain/Bretodeau), Alison Cimmet (Amandine Poulain/Philomene), Savvy Crawford (Young Amélie), Alyse Alan Louis (Georgette/Sylvie/Collignon's Mother), Harriett D. Foy (Suzanne), Heath Calvert (Lucien/Mysterious Man/Adrien Wells), Maria-Christina Oliveras (Gina), Randy Blair (Elton John/Hipolito/Suicidal Tourist), Paul Whitty (Fluffy/Collignon's Father/Joseph), David Andino (Blind Beggar/Garden Gnome)",,"This show is magical, Phillipa is captivating, and the entire ensemble is perfectly quirky. There have been a few changes since Berkeley that tighten up the show a bit and make it ready for Broadway. A near perfect capture with no washout, no obstruction, and just one very quick dropout. It's filmed in 16:9, with a mix of wides, mediums, and close-ups. The sound is excellent. Includes curtain call and playbill scans.",,,,"Gift at your Discretion",Unrestricted,Bootleg,,"MP4 - 2.83 GB",,"Full Show","Ahmanson Theatre","Los Angeles, CA",2026-09-12,https://encora.it/recordings/1348/
Video,"American Psycho","Off-West End Revival","February, 2026",Unknown,MTTZ,"Arty Froushan (Patrick Bateman), Anastasia Martin (Jean), Daniel Bravo (Paul Owen), Kim Ismay (Mrs. Bateman), Posi Morakinyo (David Van Patten), Zheng Xi Yong (Luis Carruthers), Asha Parker-Wallace (Victoria/Ensemble), Millie Mayhew (Sabrina/Ensemble), Alex James-Hatton (Sean Bateman), Emily Barber (Evelyn Williams), Oli Higginson (Timothy Price), Hannah Yun Chamberlain (Christine/Ensemble), Jack Butterworth (Craig McDermott), Tanisha Spring (Courtney Lawrence), Joseph Mydell (Detective Donald Kimball), Liz Kamille (Ensemble), Samuel J Weir (Ensemble)","Great capture of this fantastic revival! Shot in a great mix of wides, mediums, and close-ups, with an emphasis on wides due to the nature of the staging. Some wandering, shaking, and re-adjusting throughout. Some obstruction on the bottom and right hand corner of the stage, it blocks a bit of action but is worked around well. Audio is patched in from an external source; some scraping and rustling might be heard during readjustment periods. Overall a great capture of this cult classic musical!",,2026-08-05,,,"Never Gift",Unrestricted,Bootleg,"MP4 (4K)","MP4 - 10.29 GB",,"Full Show","Almeida Theatre","London, United Kingdom",2026-09-05,https://encora.it/recordings/2029415/
Video,Anastasia,Broadway,"September 17, 2017",Evening,NYCG8R,"Christy Altomare (Anya), Derek Klena (Dmitry), Ramin Karimloo (Gleb Vaganov), John Bolton (Vlad Popov), Caroline O'Connor (Countess Lily Malevsky-Malevitch), Mary Beth Peil (Dowager Empress Maria Feodorovna), Molly Rushing (Young Anastasia/Paulina), Nicole Scimeca (Little Anastasia/Prince Alexei Romanov), Constantine Germanacos (Tsar Nicholas II/Count Ipolitov), Lauren Blackman (Tsarina Alexandra), Shina Ann Morris (Tatiana Romanov/Dunya), Allison Walsh (Olga Romanov/Odette in Swan Lake), Sissy Bell (Marfa/Maria Romanov), Ken Krugman (Count Leopold/Gorlinsky), Janet Dickinson (Countess Gregory), Kyle Brown (Prince Siegfried in Swan Lake), James A. Pierce III (Von Rothbart in Swan Lake), Wes Hart (Russian Doorman)",,"Actors Benefit Performance. Includes post-show speeches.",,,,"Gift at your Discretion",Unrestricted,Bootleg,,"VOB (no smalls) - 4.22 GB",,"Full Show","Broadhurst Theatre","New York, NY",2026-08-20,https://encora.it/recordings/369/
Video,"Angels In America: Millennium Approaches","National Theatre","July 20, 2017",Evening,,"Andrew Garfield (Prior Walter/Man In The Park), Nathan Lane (Roy Cohn/Prior 2), James McArdle (Louis Ironson), Amanda Lawrence (The Angel/Emily/Sister Ella Chapter/Woman In The South Bronx), Russell Tovey (Joe Pitt/Eskimo/Prior 1), Denise Gough (Harper Pitt/Martin Heller), Nathan Stewart-Jarrett (Mr. Lies/Belize), Susan Brown (Henry/Hannah Pitt/Ethel Rosenberg/Rabbi Isidor Chemelwitz), Laura Caldow (Angel Shadow), Claire Lambert (Angel Shadow), Becky Namgauds (Angel Shadow), Stan West (Angel Shadow), Lewis Wilkins (Angel Shadow), Stuart Angell (Angel Shadow)",,"https://www.imdb.com/title/tt6846664/?ref_=nv_sr_srsg_3
National Theatre Live 2017",,,,"Gift at your Discretion",Unrestricted,Pro-Shot,"{Highest quality copy circulating} - TS (29.7 GB) + (1.14 GB Intro)","MP4 - 15.2 GB ",,"Full Show","National Theatre - Lyttelton Theatre","London, United Kingdom",2026-08-21,https://encora.it/recordings/7941/
Video,"Anything Goes","Barbican Theatre","September, 2021",Unknown,,"Sutton Foster (Reno Sweeney), Samuel Edwards (Billy Crocker), Robert Lindsay (Moonface Martin), Nicole-Lily Baisden (Hope Harcourt), Gary Wilmot (Elisha J. Whitney), Felicity Kendal (Mrs. Evangeline Harcourt), Haydn Oakley (Lord Evelyn Oakleigh), Carly Mercedes Dyer (Erma)",,"Broadcast to UK cinemas and then on BBC Two.",,,,"Gift at your Discretion",Unrestricted,Pro-Shot,".ts (5.2GB) .MP4 (4.99GB) .MKV (6.70GB (1080p)/11.88GB (2160p))","MP4 - 6.74GB (+ extras, entire file size 6.9 GB)",,"Full Show","Barbican Centre","London, United Kingdom",2026-08-26,https://encora.it/recordings/1118495/
Video,Assassins,"Off-Broadway Revival","January, 2022",Unknown,juniper47,"Steven Pasquale (John Wilkes Booth), Will Swenson (Charles Guiteau), Brandon Uranowitz (Leon Czolgosz), Andy Grotelueschen (Samuel Byck), Wesley Taylor (Giuseppe Zangara), Tavi Gevinson (Lynette ""Squeaky"" Fromme), Ethan Slater (Lee Harvey Oswald/Balladeer), Judy Kuhn (Sara Jane Moore), Eddie Cooper (The Proprietor), Adam Chanler-Berat (John Hinckley Jr.), Lee Harrington (s/w Emma Goldman/s/w Ensemble), Brad Giovanine (Ensemble), Whit K. Lee (Ensemble), Rob Morrison (Ensemble), Katrina Yaukey (Ensemble)","Filmed on phone, edited in post to zoom and pan to action on stage. Closer zooms are a little grainy, but still watchable. Due to close proximity and angle, some performers are cut off from the waist up when closest to camera, and there is some wide-angle distortion on the far sides. But still a great capture of this revival.",,2022-09-15,,NFS,"Gift at your Discretion",Unrestricted,Bootleg,"1080p HD MP4: 7.24 GB","MP4 - 7.24 GB",,"Full Show","Classic Stage Company","New York, NY",2026-09-14,https://encora.it/recordings/1119815/
Video,"The Authenticator","National Theatre","April 8, 2026",Unknown,,"Rakie Ayola (Abi), Sylvestra Le Touzel (Fen), Cherrelle Skeete (Marva), Phoebe Campbell (Voice of the Ghost Bride), Maureen McGovern (Voice of Radio Presenter)",,,,,NFS,"Gift at your Discretion",Unrestricted,Pro-Shot,,"MP4 - 1.46 GB",,"Full Show",,,2026-08-23,https://encora.it/recordings/2037209/
Video,"Back to the Future: The Musical",Broadway,"July, 2023",Unknown,StarCuffedJeans,"Casey Likes (Marty McFly), Roger Bart (Doc Brown), Hugh Coles (George McFly), Liana Hunt (Lorraine Baines), Nathaniel Hackmann (Biff Tannen), Jelani Remy (Goldie Wilson/Marvin Berry), Merritt David Janes (Principal Strickland/Lou), Mikaela Secada (Jennifer Parker), Amber Ardolino (Linda McFly), Daryl Tofa (Dave McFly/Slick), Victoria Byrd (Betty), Becca Petersen (Babs), Will Branner (3D), Jonalyn Saxer (Clocktower Woman/Spokesperson), Nick Drake (Reginald), Brendon Chan (Ensemble), Kevin Curtis (Ensemble), Marc Heitzman (Ensemble), Hannah Kevitt (Ensemble), JJ Niemann (Ensemble), Emma Pittman (Ensemble)","it's george mcfly day",,2024-10-01,,,"Gift at your Discretion",Unrestricted,Bootleg,"MP4 (HD) - 6.2 GB","MP4 - 6.2 GB",,"Full Show","Winter Garden Theatre","New York, NY",2026-08-19,https://encora.it/recordings/1157312/
Video,"Bat Boy: The Musical","New York City Center Gala","November 7, 2025",Evening,onehandonmycamera,"Taylor Trensch (Bat Boy), Kerry Butler (Meredith Parker), Gabi Carrubba (Shelley Parker), Christopher Sieber (Dr. Parker), Alex Newell (Pan), Marissa Rosen (u/s Mrs. Taylor), Andrew Durand (Rick Taylor), Olivia Puckett (Ruthie Taylor), John-Michael Lyles (Ron Taylor), Jacob Ming-Trent (Reverend Hightower), Tom McGowan (Sheriff Reynolds), Evan Harrington (Ned), Rema Webb (Maggie), Mary Faber (Lorraine), Alan H. Green (Bud), Stephanie Reuning-Scherer (u/s Daisy), Colin Trudell (Charley)",,"Starts towards the end of the opening number. Shot almost entirely in mediums and close-ups.

This is a production of the revised edition of Bat Boy, which features lots of changes from the original. Songs were cut, added, replaced, and rewritten, and certain plot details are changed.",2026-06-01,,,"Never Gift",Unrestricted,Bootleg,".MOV (12.26GB)","MOVs - 12.26 GB",,"Full Show","New York City Center - Mainstage","New York, NY",2026-09-04,https://encora.it/recordings/2025364/
Video,Beetlejuice,Broadway,"July, 2019",Unknown,StarCuffedJeans,"Alex Brightman (Beetlejuice), Sophia Anne Caruso (Lydia Deetz), Kerry Butler (Barbara Maitland), Rob McClure (Adam Maitland), Adam Dannheisser (Charles Deetz), Leslie Rodriguez Kritzer (Delia Deetz/Miss Argentina), Kelvin Moon Loh (Otho), Danny Rutigliano (Maxie Dean), Jill Abramovitz (Maxine Dean/Juno), Dana Steingold (Girl Scout)",,"Good HD capture from the right orchestra with beautiful zooms and way less obstruction than the March video. Please do not post screenshots of this video on Twitter ever. Gifs on Tumblr are okay after the NFT date, but don't go linking things to actors and shows.",2020-06-18,,,"Gift at your Discretion",Unrestricted,Bootleg,"MP4 (HD) - 5.63 GB","MP4 - 5.63 GB",,"Full Show","Winter Garden Theatre","New York, NY",2026-07-30,https://encora.it/recordings/26548/
Video,"Black Comedy","Orange Tree Theatre",2026,Unknown,,"Patricia Allison (Clea), Joe Bannister (Brindsley Miller), Jason Barnett (Colonel Melkett), Chris Chilton (Schuppanzigh), Javier Marzan (Georg Bamberger), Leah Haile (Carol Melkett), Julia Hills (Miss Furnival), Simon Manyonda (Harold Gorringe)",,,,,NFS,"Gift at your Discretion",Unrestricted,Pro-Shot,,"MP4 (x2) - 2.16 GB each (One Audio Description, One Without Audio Description)",,"Full Show",,,2026-08-23,https://encora.it/recordings/2035723/
Video,"Bloody Bloody Andrew Jackson",Broadway,"October 31, 2010",Evening,SunsetBlvd79,"Benjamin Walker (Andrew Jackson), Kristine Nielsen (The Storyteller), Kate Cullen Roberts (Elizabeth/Erica), Darren Goldstein (Andrew Sr./Calhoun), Jeff Hiller (John Quincy Adams/Cobbler/Tour Guide/Florida Man/Messenger), Nadia Quinn (Toula/Ensemble), Emily Young (Naomi/Announcer/Female Soloist), Ben Steinfeld (Monroe), Maria Elena Ramirez (Rachel/Florida Woman), Bryce Pinkham (Black Fox/Clay), James Barry (Male Soloist/Citizen/Man), Greg Hildreth (Red Eagle/University President), Lucas Near-Verbrugghe (Keokuk/Van Buren), Cameron Ocasio (Lyncoya)",,"Great capture of this show. A high-energy rock show based on the life of Andrew Jackson's life. A",,,,"Gift at your Discretion",Unrestricted,Bootleg,,"VOB+smalls - 3.19 GB",,"Full Show","Bernard B. Jacobs Theatre","New York, NY",2026-09-12,https://encora.it/recordings/11646/
Video,"Bonnie and Clyde (Wildhorn)","West End Concert","January, 2022",Unknown,,"Frances Mayli McCann (Bonnie Parker), Jeremy Jordan (Clyde Barrow), Natalie McQueen (Blanche Barrow), George Maguire (Buck Barrow), Liam Tamne (Ted Hinton), Trevor Dion Nicholas (Preacher), Julie Yammanee (Emma Parker), Casey Al-Shaqsy (Stella), Gillian Bevan (Cumie Barrow), Adrian Grove (Henry Barrow), Simon Anthony (Archie), Jeremy Secomb (Sheriff Schmid/Judge), Eloise Davies (Trish), Bea Ward (Young Bonnie), Albert Atack (Young Clyde), Russell Wilcox (Captain Frank Hamer), Debbie Kurup (Governor Miriam Ferguson/Eleanore), Matthew Malthouse (Bob Alcorn)",,,,,NFS,"Gift at your Discretion",Unrestricted,Pro-Shot,,"MP4 - 3.41 GB",,"Full Show","Theatre Royal Drury Lane","London, United Kingdom",2026-08-26,https://encora.it/recordings/2001259/
Video,"The Book of Mormon",Chicago,"December 23, 2012",Evening,SunsetBlvd79,"Nic Rouleau (Elder Price), Ben Platt (Elder Cunningham), Syesha Mercado (Nabulungi), Pierce Cassedy (Elder McKinley), James Vincent Meredith (Mafala Hatimbi), David Aron Damane (General), Christopher Shyer (Mission President/Joseph Smith/Price's Father/Mission Training Center Voice)",,"Beautiful HD capture of the Chicago cast. I cannot say enough wonderful things about this company! They really are rock solid and give terrific performances! Nic and Ben are really sensational and have great chemistry. A+",,,,"Gift at your Discretion",Unrestricted,Bootleg,,"VOB+smalls - 8.05 GB",,"Full Show","Bank of America Theatre","Chicago, IL",2026-08-20,https://encora.it/recordings/31060/
Audio,"The Book of Mormon","First US National Tour","February 5, 2013",Evening,Unknown,"Mark Evans (Elder Price), Christopher John O'Neill (Elder Cunningham), Samantha Marie Ware (Nabulungi), Grey Henson (Elder McKinley), Kevin Mambo (Mafala Hatimbi), Derrick Williams (General), Mike McGowan (Mission President/Joseph Smith/Price's Father)",,"Opening night in Minneapolis!",,,,"Gift at your Discretion",Unrestricted,Bootleg,,"M4A (untracked) - 117.8 MB",,"Full Show","Orpheum Theatre","Minneapolis, MN",2026-09-10,https://encora.it/recordings/1759/
Video,"The Book of Mormon",Broadway,"March 7, 2011",Evening,SunsetBlvd79,"Andrew Rannells (Elder Price), Josh Gad (Elder Cunningham), Nikki M. James (Nabulungi), Rory O'Malley (Elder McKinley), Michael Potts (Mafala Hatimbi), Brian Tyree Henry (General), Lewis Cleale (Mission President)","A nice capture of this hilarious original show. A very solid and funny cast. Nikki does a fantastic job acting and vocally. On wide shots there can be heads on the sides, but nothing that really obstructs the action. During Broadway previews, less than a month before the official premiere. So there are differences from the Cast Recording. Very nice video of the show however a bar can be visible in wide shots but it doesnt interfere with anything.","T/W: This video contains a PETA advertisement at the beginning, which contains graphic images and may be distressing.  This was included by the master on release.

Listed as either March 7 or March 11 due to a labeling error by the master. The DVD menu shows the capture date as March 11 while the poster at the beginning says March 7.",,,,"Gift at your Discretion",Unrestricted,Bootleg,,"VOBs+smalls - 4.29 GB",,"Full Show","Eugene O'Neill Theatre","New York, NY",2026-08-21,https://encora.it/recordings/282/
Video,"Boop! The Musical","Pre-Broadway / Chicago","December 3, 2023",Matinee,"Medium Observation","Jasmine Rogers (Betty Boop), Ainsley Melham (Dwayne), Faith Prince (Valentina), Stephen DeRosa (Grampy), Phillip Huber (Pudgy), Angelica Hale (Trisha), Erich Bergen (Raymond), Anastacia McCleskey (Carol Evans), Brooke Taylor (Ensemble), Gabriella Sorrentino (Ensemble), Ricky Schroeder (Ensemble), Christian Probst (Ensemble), Ryah Nixon (Ensemble), Aubie Merrylees (Ensemble), Morgan McGhee (Ensemble), Nina Lafarga (Ensemble), RJ Higton (Ensemble), Josh Drake (Ensemble), Rebecca Corrigan (Ensemble), Daniel Castiglione (Ensemble), Gabi Campo (Ensemble), Joshua Burrage (Ensemble), Tristen Buettel (Ensemble), Colin Bradbury (Ensemble), Lawrence Alexander (Ensemble)",,"Nice video from the second week of previews and Version 3.0. Some scenes are majorly wideshot due to the nature of the show, along with usher activity. Some washout can be seen at times but it's not too bad.",2024-06-06,,,"Gift at your Discretion",Unrestricted,Bootleg,,"MP4 - 10.4 GB",,"Full Show","CIBC Theatre","Chicago, IL",2026-08-05,https://encora.it/recordings/1151841/
Video,"Boop! The Musical",Broadway,"March 26, 2025",Evening,bikinibottomday,"Jasmine Rogers (Betty Boop), Ainsley Melham (Dwayne), Faith Prince (Valentina), Stephen DeRosa (Grampy), Phillip Huber (Pudgy), Angelica Hale (Trisha), Erich Bergen (Raymond), Anastacia McCleskey (Carol Evans), Christian Probst (Malcolm Carter), Ricky Schroeder (Clarence), Colin Bradbury (Arnie Finkle), Aubie Merrylees (Oscar Delacorte), Morgan McGhee (Cheryl King), Ryah Nixon (Mascot), Lawrence Alexander (Ensemble), Amy Van Norstrand (s/w Ensemble), Joshua Burrage (Ensemble), Victoria Byrd (Ensemble), Daniel Castiglione (Ensemble), Rebecca Corrigan (Ensemble), RJ Higton (Ensemble), Nina Lafarga (Ensemble), Gabriella Sorrentino (Ensemble), Derek Jordan Taylor (Ensemble), Lizzy Tucker (Ensemble)","Excellent 4K capture of this new show! Some heads are visible at the bottom but don’t block off anything. Some wandering and unfocusing throughout. Some washout on wider shots. Includes curtain call, audio fed from external source.",,2025-10-02,,,"Never Gift",Unrestricted,Bootleg,"4K MP4 (9.78GB)","MP4 - 9.78 GB",,"Full Show","Broadhurst Theatre","New York, NY",2026-08-29,https://encora.it/recordings/2012686/
Video,Brigadoon,Encores!,"November 17, 2017",Evening,NYCG8R,"Patrick Wilson (Tommy Albright), Kelli O'Hara (Fiona MacLaren), Aasif Mandvi (Jeff Douglas), Stephanie J. Block (Meg Brockie), Robert Fairchild (Harry Beaton), Dakin Matthews (Mr. Lundie), Rich Hebert (Andrew MacLaren), David Scott Purdy (Angus McGuffie), Jamie Jackson (Archie Beaton), Patricia Delgado (Maggie Anderson), Madison Stratton (Jane Ashton), Ross Lekites (Charlie Dalrymple), Sara Esty (Jean MacLaren), Nicholas Ward (Frank), Peyton Crim (Sandy Dean)",,"Excellent HD video with clear picture and sound filmed from the center mezzanine.",,,,"Gift at your Discretion",Unrestricted,Bootleg,,"VOB+smalls - 4.22 GB",,"Full Show","New York City Center - Mainstage","New York, NY",2026-09-07,https://encora.it/recordings/398/
Video,"Broadway Bares (Concerts)","Broadway Bares XV: Rxxx","June 19, 2005",Unknown,,"Shoshana Bean (Performer), Michael McElroy (Performer), Christina Applegate (Performer), Tim Curry (Performer), Jai Rodriguez (Performer), Bruce Vilanch (Performer), Angie Schworer (Performer), Cheyenne Jackson (Performer), Christopher Sieber (Performer), David Hyde Pierce (Performer), Rachelle Rak (Performer), Michael Balderrama (Performer), Barrett Foa (Performer), Lisa Gajda (Performer)",,,,,,"Gift at your Discretion",Unrestricted,Pro-Shot,,"VOB+smalls - 3.37 GB",,"Full Show","Roseland Ballroom","New York, NY",2026-08-28,https://encora.it/recordings/2008501/
Video,"Brokeback Mountain","West End","May, 2023",Unknown,Lasagna,"Lucas Hedges (Ennis Del Mar), Mike Faist (Jack Twist), Eddi Reader (Balladeer), Emily Fairn (Alma), Paul Hickey (Older Ennis), Martin Marquez (Bill/Jack's Father/Joe Agguire), Sophie Reid (Lureen/Waitress/Backing Vocals)","<p>Solid capture of this incredible play! Shot over a safety barrier that is sometimes visible</p>",,2023-12-29,,,"Gift at your Discretion",Unrestricted,Bootleg,"MP4 (4K) - 7.04 GB","MP4 - 7.04 GB",,"Full Show",@sohoplace,"London, United Kingdom",2026-08-05,https://encora.it/recordings/1143282/
Video,Cabaret,"Fifth West End Revival","July, 2022 (2)",Unknown,Lasagna,"Andre Refig (u/s Emcee), Amy Lennox (Sally Bowles), Omar Baroud (Clifford Bradshaw), Vivien Parry (Fräulein Schneider), Richard Katz (Herr Schultz), Stewart Clarke (Ernst Ludwig), Sally Frith (u/s Fräulein Kost/u/s Fritzie), Emily Benjamin (s/w Frenchie), Matthew Gent (u/s Max/u/s Herman), Ela Lisondra (s/w Helga), Josh Andrews (s/w Hans)",,"Incredible capture of Andre's third show as Emcee! Unobstructed view and follows action well, centring on Andre and Amy.",2023-12-29,,,"Gift at your Discretion",Unrestricted,Bootleg,"MP4 (4K)","MP4 - 10.06 GB",,"Full Show","Kit Kat Club at the Playhouse","London, United Kingdom",2026-09-16,https://encora.it/recordings/1128710/
Video,Cabaret,"Fifth West End Revival","January, 2022",Unknown,Jagweed,"Eddie Redmayne (Emcee), Jessie Buckley (Sally Bowles), Omari Douglas (Clifford Bradshaw), Liza Sadovy (Fräulein Schneider), Elliot Levey (Herr Schultz), Stewart Clarke (Ernst Ludwig), Anna-Jane Casey (Fräulein Kost/Fritzie), Sally Frith (Frenchie), Andre Refig (Max), Daniel Perry (Victor), Theo Maddix (Lulu), Christopher Tendai (Bobby), Sophie Maria Wojna (Rosie), B Terry (Helga), Matthew Gent (Hans), Lillie-Pearl Wildman (Texas)",,"This is the only publicly released video recording of this acclaimed, sold out production with the original West End revival cast. This was my first time recording and as a result, mistakes were made. Foolishly, I set the exposure to automatic, so the recording suffered from spotlight washout (I haven't made this mistake since). The washout has mostly been fixed in editing but it's impossible to fully correct. The recording has more zooms than I would like, to prevent further washout. Fortunately, this production is minimalistic and performance-focused so it doesn't hinder the overall experience of the show. The recording is mainly filmed in close-ups and mediums. A head is sometimes visible in the wide shots of the musical numbers. Recording includes the curtain call and marquee.",2023-05-07,,NFS,"Gift at your Discretion",Unrestricted,Bootleg,"M4V (HD) - 9.76 GB","M4V - 9.76 GB",,"Full Show","Kit Kat Club at the Playhouse","London, United Kingdom",2026-08-05,https://encora.it/recordings/1129264/
Video,Cabaret,"Fifth West End Revival","March, 2022",Unknown,Jagweed,"Eddie Redmayne (Emcee), Emily Benjamin (u/s Sally Bowles), Omari Douglas (Clifford Bradshaw), Liza Sadovy (Fräulein Schneider), Elliot Levey (Herr Schultz), Stewart Clarke (Ernst Ludwig), Anna-Jane Casey (Fräulein Kost/Fritzie), Sally Frith (Frenchie), Andre Refig (Max), Daniel Perry (Victor), Theo Maddix (Lulu), Christopher Tendai (Bobby), Sophie Maria Wojna (Rosie), Ela Lisondra (s/w Helga), Matthew Gent (Hans), Lillie-Pearl Wildman (Texas)",,"This is the only known recording of Emily Benjamin in the role of Sally Bowles with the original West End revival cast. I would say this is a near perfect capture of this production; very little obstruction, steady, with a mix of wides, mediums and close ups. Recording includes the curtain call and marquee.",2023-05-07,,NFS,"Gift at your Discretion",Unrestricted,Bootleg,M4V,"M4V - 9.96 GB",,"Full Show","Kit Kat Club at the Playhouse","London, United Kingdom",2026-08-28,https://encora.it/recordings/1129265/
Video,Cabaret,"Fifth West End Revival","April, 2022",Unknown,hadesishere,"Fra Fee (Emcee), Amy Lennox (Sally Bowles), Omar Baroud (Clifford Bradshaw), Vivien Parry (Fräulein Schneider), Josh Andrews (s/w Herr Schultz), Stewart Clarke (Ernst Ludwig), Anna-Jane Casey (Fräulein Kost/Fritzie), Emily Benjamin (s/w Frenchie), Matthew Gent (u/s Max/Hans), Daniel Perry (Victor), Theo Maddix (Lulu), Christopher Tendai (Bobby), Ela Lisondra (s/w Rosie), B Terry (Helga), Lillie-Pearl Wildman (Texas)","Fantastic 4K capture of this incredible immersive production. I cant say enough good things about this production, but it absolutely lives up to (and exceeds) the hype. Shot well with pretty minimal washout and wandering, no obstructions (although a little bit of the stage is blocked by my jacket for a few minutes in Act 1), and only 2 brief dropouts during applauses. Includes curtain call.",,2025-07-01,,NFS,"Never Gift",Unrestricted,Bootleg,"4K MP4 (10 GB)","MP4 - 9.98 GB",,"Full Show","Kit Kat Club at the Playhouse","London, United Kingdom",2026-09-16,https://encora.it/recordings/1124646/
Video,Cabaret,"Fifth West End Revival","December, 2022",Unknown,Lasagna,"Callum Scott Howells (Emcee), Madeline Brewer (Sally Bowles), Adam Taylor (u/s Clifford Bradshaw), Vivien Parry (Fräulein Schneider), Richard Katz (Herr Schultz), Danny Mahoney (Ernst Ludwig), Sally Frith (u/s Fräulein Kost/u/s Fritzie), Laura Delany (s/w Frenchie), Toby Turpin (s/w Bobby), Ela Lisondra (s/w Rosie)",,"Brilliant capture of Adam as Cliff! Very minor camera fog for the train scene which is resolved by So What",2023-12-29,,,"Gift at your Discretion",Unrestricted,Bootleg,"MP4 (4K)","MP4 - 9.92 GB",,"Full Show","Kit Kat Club at the Playhouse","London, United Kingdom",2026-09-16,https://encora.it/recordings/1136268/
Video,Cabaret,"Third Broadway Revival","November 20, 2014",Evening,SunsetBlvd79,"Alan Cumming (Emcee), Emma Stone (Sally Bowles), Bill Heck (Clifford Bradshaw), Kristie Dale Sanders (s/b Fräulein Schneider), Philip Hoffman (s/b Herr Schultz), Aaron Krohn (Ernst Ludwig), Gayle Rankin (Fräulein Kost), Andrea Goss (Frenchie/Gorilla), Benjamin Eakeley (Max/Herman/Customs Officer), Dylan Paul (Victor), Katrina Yaukey (u/s Lulu/u/s Ensemble), Leeds Hill (Bobby/Ensemble), Stacey Sipowicz (Rosie), Kristin Olness (Helga), Evan D. Siegel (Hans/Rudy), Jessica Pariseau (Texas)",,"Excellent HD capture with Emma joining the cast as Sally. She does a dazzling job in the role, very precise in detail. Lovely performances from Kristie and Philip. A",,,,"Gift at your Discretion",Unrestricted,Bootleg,,"VOB + smalls - 7.94 GB",,"Full Show","Studio 54","New York, NY",2026-08-05,https://encora.it/recordings/10111/
Video,Cabaret,"Fourth Broadway Revival","May, 2025",Unknown,juniper47,"Orville Peck (Emcee), Eva Noblezada (Sally Bowles), Calvin Leon Smith (Clifford Bradshaw), Ellen Harvey (Fräulein Schneider), Steven Skybell (Herr Schultz), Henry Gottfried (Ernst Ludwig), Michelle Aravena (Fräulein Kost/Fritzie), Gabi Campo (Frenchie), Karl Skyler Urban (s/w Max/s/w Herman), Marty Lauter (Victor), David Merino (Lulu), Julian Ramos (Bobby), Paige Smallwood (Rosie), Jada Simone Clark (Helga), Colin Cunliffe (Hans), MiMi Scardulla (Texas)","Filmed in 4K from mezzanine. No obstructions at all, steady filming and follows action very well. A handful of brief moments where camera goes out of focus. Includes curtain call. NFT (NOT FOR TRADE) and sales only through master until April 28, 2026. Never to be sold except through juniper47.",,2026-04-28,,NFS,"Never Gift",Unrestricted,Bootleg,"MP4 (4K) - 9.71 GB","MP4 - 9.71 GB",,"Full Show","August Wilson Theatre","New York, NY",2026-08-02,https://encora.it/recordings/2019710/
Video,Cabaret,"Fourth Broadway Revival","April, 2024",Unknown,StarCuffedJeans,"Eddie Redmayne (Emcee), Gayle Rankin (Sally Bowles), Ato Blankson-Wood (Clifford Bradshaw), Bebe Neuwirth (Fräulein Schneider), Steven Skybell (Herr Schultz), Henry Gottfried (Ernst Ludwig), Natascia Diaz (Fräulein Kost/Fritzie), Corinne Munsch (s/w Frenchie), Loren Lester (Max/Herman), Marty Lauter (Victor), David Merino (Lulu), Julian Ramos (Bobby), Hannah Florence (s/w Rosie), Ayla Ciccone-Burton (Helga), Colin Cunliffe (Hans), MiMi Scardulla (Texas)",,,2024-11-01,,,"Gift at your Discretion",Unrestricted,Bootleg,"MP4 (HD)","MP4 - 6.74 GB",,"Full Show","August Wilson Theatre","New York, NY",2026-09-09,https://encora.it/recordings/1157911/
Video,Cabaret,"Fifth West End Revival","July, 2023",Unknown,Lasagna,"Mason Alexander Park (Emcee), Maude Apatow (Sally Bowles), Adam Taylor (u/s Clifford Bradshaw), Beverley Klein (Fräulein Schneider), Teddy Kempner (Herr Schultz), Danny Mahoney (Ernst Ludwig), Sally Frith (u/s Fräulein Kost), Ela Lisondra (s/w Frenchie), Toby Turpin (s/w Bobby), Laura Delany (s/w Helga)",,"Good capture of Mason and Maude! Shot around the World’s Most Annoying Head. This person would not keep still and to be told repeatedly to put their phone away meaning this video isn’t as close or centred as I would’ve liked, but thankfully they left in the party scene and never came back!",2023-12-29,,,"Gift at your Discretion",Unrestricted,Bootleg,"MP4 (4K)","MP4 - 9.99 GB",,"Full Show","Kit Kat Club at the Playhouse","London, United Kingdom",2026-08-26,https://encora.it/recordings/1145865/
Video,Cabaret,"Fourth Broadway Revival","September 16, 2024",Evening,bikinibottomday,"Adam Lambert (Emcee), Auli'i Cravalho (Sally Bowles), Calvin Leon Smith (Clifford Bradshaw), Bebe Neuwirth (Fräulein Schneider), Steven Skybell (Herr Schultz), Henry Gottfried (Ernst Ludwig), Michelle Aravena (Fräulein Kost/Fritzie), Gabi Campo (Frenchie), Loren Lester (Max/Herman), Marty Lauter (Victor), David Merino (Lulu), Julian Ramos (Bobby), Kayla Jenerson (s/w Rosie), Ayla Ciccone-Burton (Helga), Colin Cunliffe (Hans), MiMi Scardulla (Texas)","Excellent 4K capture of the new cast (debuts for Adam, Auli’i, Calvin and Michelle)! Some wandering / readjustment and unfocusing throughout. A bit of occasional obstruction from people walking the aisles. Includes curtain call, audio is fed from external source.",,2025-04-02,,,"Never Gift",Unrestricted,Bootleg,"4K MP4 11.64 GB","MP4 - 11.64 GB",,"Full Show","August Wilson Theatre","New York, NY",2026-09-13,https://encora.it/recordings/2005140/
Video,Cabaret,"Fourth Broadway Revival","July 15, 2024",Evening,bikinibottomday,"Marty Lauter (u/s Emcee), Gayle Rankin (Sally Bowles), Ato Blankson-Wood (Clifford Bradshaw), Bebe Neuwirth (Fräulein Schneider), Steven Skybell (Herr Schultz), Henry Gottfried (Ernst Ludwig), Natascia Diaz (Fräulein Kost/Fritzie), Gabi Campo (Frenchie), Loren Lester (Max/Herman), Karl Skyler Urban (s/w Victor), Christian Kidd (s/w Lulu), Julian Ramos (Bobby), Paige Smallwood (Rosie), Ayla Ciccone-Burton (Helga), Colin Cunliffe (Hans), MiMi Scardulla (Texas)","Excellent 4K capture of Marty’s debut as Emcee! First minute of the show is audio-only due to latecomers. One additional blackout after “Don’t Tell Mama” that lasts a minute, and a bit of occasional obstruction from people walking the aisles throughout. Some wandering / readjustment and unfocusing throughout. Includes curtain call, audio is fed from external source.",,2025-02-17,,,"Never Gift",Unrestricted,Bootleg,"MP4 (4K) - 11.81 GB","MP4 - 11.81 GB",,"Full Show","August Wilson Theatre","New York, NY",2026-09-16,https://encora.it/recordings/2003510/
Video,Cabaret,"Fourth Broadway Revival","April 10, 2025",Evening,bikinibottomday,"Orville Peck (Emcee), Eva Noblezada (Sally Bowles), Calvin Leon Smith (Clifford Bradshaw), Ellen Harvey (Fräulein Schneider), Steven Skybell (Herr Schultz), Henry Gottfried (Ernst Ludwig), Corinne Munsch (u/s Fräulein Kost/Fritzie), Gabi Campo (Frenchie), Price Waldman (Max/Herman), Marty Lauter (Victor), David Merino (Lulu), Julian Ramos (Bobby), Paige Smallwood (Rosie), Jada Simone Clark (Helga), Colin Cunliffe (Hans), Christian Kidd (s/w Texas)","Excellent 4K capture of the new cast! Some wandering and unfocusing throughout. Includes curtain call and the post-show BC/EFA speech, audio is fed from external source.",,2025-10-17,,,"Never Gift",Unrestricted,Bootleg,"4K MP4 (11.03GB)","MP4 - 11.0 GB",,"Full Show","August Wilson Theatre","New York, NY",2026-08-02,https://encora.it/recordings/2013147/
Video,Camelot,"Fourth Broadway Revival","May 23, 2023",Evening,bikinibottomday,"Andrew Burnap (King Arthur), Phillipa Soo (Guenevere), Jordan Donica (Lancelot du Lac), Taylor Trensch (Mordred), Dakin Matthews (Merlyn/Pellinore), Anthony Michael Lopez (Sir Dinadan), Danny Wolohan (Sir Lionel), Fergie L. Philippe (Sir Sagramore), Camden McKinnon (Tom of Warwick), Marilee Talkington (Morgan Le Fey), Hawley Gould (Page), Valerie Torres-Rosario (u/s Page), Ann Sanders (Clarius), Tesia Kwarteng (Lady Catherine), Delphi Borich (Lady Sybil), Paul Whitty (Squire Dap), Bebe Nicole Simpson (Ensemble), Christian Mark Gibbs (u/s Ensemble), Edwin Joseph (Ensemble), Philip Themio Stoddard (s/w Ensemble), Solá Fádìran (Ensemble), Matías De La Flor (Ensemble)",,"Excellent 4K capture of this revival! During the final scene Andrew got a nosebleed but carried on. Minimal wandering and unfocusing throughout. Some washout on wider shots. Includes curtain call, audio is fed from external source.",2023-10-17,,,"Never Gift",Unrestricted,Bootleg,"MP4 (4K) - 11.64 GB","MP4 - 11.64 GB",,"Full Show","Vivian Beaumont Theatre","New York, NY",2026-08-06,https://encora.it/recordings/1143698/
Video,Carousel,"Royal Festival Hall Concert","July, 2024",Unknown,hitmewithyourbethshot,"Jamie Muscato (Billy Bigelow), Christine Allado (Julie Jordan), Rebecca Caine (Nettie Fowler), Sophie Isaacs (Carrie Pipperidge), Ahmed Hamad (Enoch Snow), Verity Quade (Mrs. Mullin), David Mildon (The Starkeeper), Tim Prottey-Jones (Jigger Craigin), Katie MacAdam (Louise Bigelow)",,,2024-12-25,,,"Gift at your Discretion",Unrestricted,Bootleg,MTS,"MTS (4 files) - 10.55 GB",,"Full Show",,,2026-09-12,https://encora.it/recordings/2002403/
Video,"Catch Me If You Can",Broadway,"April 27, 2011",Evening,NYCG8R,"Aaron Tveit (Frank Abagnale Jr.), Norbert Leo Butz (Agent Carl Hanratty), Tom Wopat (Frank Abagnale Sr.), Rachel deBenedet (Paula Abagnale), Kerry Butler (Brenda Strong), Linda Hart (Carol Strong), Timothy McCuen Piggee (Agent Cod)",,"A nice capture of the short lived show. Disc also includes around 100 minutes of interviews, B-Roll, behind the scenes, etc. Great video with nice picture and clear sound. A",,,,"Gift at your Discretion",Unrestricted,Bootleg,,"VOB+smalls - 4.32 GB",,"Full Show","Neil Simon Theatre","New York, NY",2026-08-26,https://encora.it/recordings/1356/
Video,Cats,"Off-Broadway (The Jellicle Ball)","June 21, 2024",Evening,bikinibottomday,"Chasity ""Tempress"" Moore (Grizabella), André De Shields (Old Deuteronomy), Junior LaBeija (Gus), Tara Lashan Clinkscales (u/s Bombalurina), Dudney Joseph Jr. (Munkustrap), Sydney James Harcourt (Rum Tum Tugger), Bebe Nicole Simpson (Demeter), Emma Sofia (Cassandra/Skimbleshanks), Garnet Williams (u/s Bustopher Jones), Jonathan Burke (Mungojerrie), Dava Huesca (Rumpleteazer), Shereen Pimentel (Jellylorum), Xavier Reyes (Jennyanydots), Robert ""Silk"" Mason (Mr. Mistoffelees), Antwayn Hopper (Macavity), Primo Thee Ballerino (Tumblebrutus), Teddy Wilson Jr. (Sillabub), Kendall Grayson Stroud (Electra), Capital Kaos (Griddlebone), Baby Byrne (Victoria), Frank Viveros (Booth/Police Officer/Server), Shelby Griswold (u/s Booth/u/s Police Officer/u/s Server)","<p>Excellent 4K capture of this much-anticipated production. Some action on the balconies or in the audience couldn’t be captured, and because a lot of the staging uses the entire theatre, there are frequent wideshots. Some very minor obstruction in the top right that blocks off a tiny bit of action. Some moments of wandering and unfocusing. Includes curtain call, audio is fed from external source.</p>",,2024-12-17,,,"Never Gift",Unrestricted,Bootleg,"MP4 (4K) - 10.03 GB","MP4 - 10.03 GB",,"Full Show","Perelman Performing Arts Center","New York, NY",2026-09-01,https://encora.it/recordings/2001362/
Video,Cats,"First Broadway Revival","October 30, 2016",Evening,SunsetBlvd79,"Mamie Parris (Grizabella), Quentin Earl Darrington (Old Deuteronomy), Christopher Gurr (Gus/Bustopher Jones/Growltiger), Christine Cornish (Bombalurina), Andy Huntington Jones (Munkustrap), Tyler Hanes (Rum Tum Tugger), Emily Pynenburg (Cassandra), Jeremy Davis (Skimbleshanks), Jess LeProtto (Mungojerrie), Shonica Gooden (Rumpleteazer), Sara Jean Ford (Jellylorum), Francesca Granell (u/s Jennyanydots), Corey John Snide (u/s Mr. Mistoffelees/Coricopat), Daniel Gaymon (Macavity/Admetus), Ahmad Simmons (Alonzo), Tanner Ray Wilson (Carbucketty), Arianna Rosario (Sillabub), Sharrod Williams (Pouncival), Lili Froehlich (Electra), Emily Tate (Tantomile), Georgina Pazcoguin (Victoria)",,"Great HD capture of the final Broadway Revival cast. Mamie has such a strong voice and is a wonderful Grizabella. A",,,,"Gift at your Discretion",Unrestricted,Bootleg,,"VOB+smalls - 7.36 GB",,"Full Show","Neil Simon Theatre","New York, NY",2026-08-26,https://encora.it/recordings/26863/
Video,Chess,"First Broadway Revival","October, 2025",Evening,"The Riddle","Lea Michele (Florence Vassy), Aaron Tveit (Freddie Trumper), Nicholas Christopher (Anatoly Sergievsky), Hannah Cruz (Svetlana Sergievsky), Bryce Pinkham (The Arbiter), Bradley Dean (Molokov), Sean Allan Krill (Walter), Kyla Bartholomeusz (Ensemble), Daniel Beeman (Ensemble), Shavey Brown (Ensemble), Casey Garvin (Ensemble), Adam Halpin (Ensemble), Aliah James (Ensemble), Sydney Jones (Ensemble), Sean MacLaughlin (Ensemble), Sarah Meahl (Ensemble), Ramone Nelson (Ensemble), Michael Olaribigbe (Ensemble), Katerina Papacostas (Ensemble), Aleksandr Ivan Pevec (Ensemble), Samantha Pollino (Ensemble), Regine Sophia (Ensemble), Katie Webber (Ensemble)","Great 4k capture of the electric first preview of this revival! Little to no obstruction throughout, although unfortunately a lighting rig blocks the right of the upper level. Some washout in wider shots and wandering throughout, with minor instances of the camera focusing on the wrong thing due to usher activity. Many blackouts during the first ten minutes or so, also due to usher activity. Includes bows and audio of most of the overture.",,2026-04-01,,,"Gift at your Discretion",Unrestricted,Bootleg,"MP4 (12.40 GB, 4K)","MP4 - 12.4 GB",,"Full Show","Imperial Theatre","New York, NY",2026-08-06,https://encora.it/recordings/2023065/
Video,Clue,"First US National Tour","August, 2024",Evening,MTTZ,"Tari Kelly (Mrs. White), Joanna Glushak (Mrs. Peacock), Michelle Elaine (Miss Scarlet), Elisabeth Yancy (Yvette), Jonathan Spivey (Professor Plum), Mark Price (Wadsworth), John Shartzer (Mr. Green), John Treacy Egan (Colonel Mustard), Mariah Burks (Cook), Alex Syiek (Mr. Boddy), Teddy Trice (Cop)","Excellent capture of this utterly hysterical play. Shot in a great mix of wides, mediums, and close-ups, with wides being more prevalent here due to the ensemble nature of the play. Some small heads at the very bottom of the stage that don’t block any action. Some wandering, shaking, and re-adjusting throughout. My cough can be heard throughout the video but isn’t too distracting and you can still hear everything. Overall an excellent capture of this show. ",,2025-01-05,,,"Gift at your Discretion",Unrestricted,Bootleg,,"MP4 - 5.27 GB",,"Full Show","Ahmanson Theatre","Los Angeles, CA",2026-08-08,https://encora.it/recordings/2003607/
Video,"Clueless (KT Tunstall)","West End","August, 2025",Unknown,MTTZ,"Emma Flynn Bespolka (Cher Horowitz), Chyna-Rose Frederick (Dionne Davenport), Keelan McAuley (Josh Lucas), Jacob Fisher (Mel Horowitz/Mr. Hall/Driving Instructor/Mugger), Rabi Kondé (Murray Duvall), Romona Lewis-Malley (Tai Frasier), Blake Jordan (Travis Birkenstock), Isaac J Lewis (Christian Stovitz), Max Mirza (Elton Tiscia), Lucy Rice (Miss Geist/Miss Stoeger/Lucy/Heather), Sophie Elmes (Ensemble), Lucas Lluna (Ensemble), Emily Florence (Ensemble), Aoife Kenny (Ensemble), Dylan Gordon-Jones (Ensemble), James Lim (Ensemble), Ernest Stroud (Ensemble), Grace Eleanor Thomas (Ensemble)","Excellent capture of this fun new musical! Shot in a great mix of wides, mediums, and close-ups. Some increased wandering, shaking, and re-adjusting throughout. Audio is patched in from an external source. Overall a great capture.",,2026-03-05,,,"Never Gift",Unrestricted,Bootleg,"MP4 (4K) - 8.42 GB","MP4 - 8.41 GB",,"Full Show","Trafalgar Theatre","London, United Kingdom",2026-08-19,https://encora.it/recordings/2021160/
Video,"The Comedy About Spies","West End","August, 2025",Unknown,MTTZ,"Dave Hearn (Lance Buchanan), Ashley Tucker (u/s Rosemary Wilson), Chris Leask (Sergei Ivanov), Henry Lewis (Douglas Woodbead), Charlie Fay Russell (Elena Popov), Henry Shields (Bernard Wright), Matthew Cavendish (u/s Albert Tipton), Nancy Zamit (Janet Buchanan), Adam Byron (Ensemble), Allie Dart (Ensemble)","Great capture of this hysterical show! Shot in a great mix of wides, mediums, and close-ups. Minor obstruction on the bottom and occasionally on the sides that rarely blocks any action. Some increased wandering, shaking, and re-adjusting throughout, mostly due to my laughing at the jokes. Audio is patched in from an external source; disruptive audience noises can be heard, mostly uproarious laughter, but what else do you expect from a Mischief show? Overall a great capture.",,2026-03-05,,,"Never Gift",Unrestricted,Bootleg," MP4 (4K)","MP4 - 9.14 GB",,"Full Show","Noël Coward Theatre","London, United Kingdom",2026-09-08,https://encora.it/recordings/2020221/
Video,Company,"Second Broadway Revival","June 30, 2007",Evening,,"Raúl Esparza (Bobby), Barbara Walsh (Joanne), Bruce Sabath (Larry), Heather Laws (Amy), Robert Cunningham (Paul), Kristin Huffman (Sarah), Keith Buterbaugh (Harry), Amy Justman (Susan), Matt Castle (Peter), Leenya Rideout (Jenny), Fred Rose (David), Elizabeth Stanley (April), Angel Desai (Marta), Kelly Jeanne Grant (Kathy)",,"Penultimate show. Distributed commercially.",,,,"Gift at your Discretion",Unrestricted,Pro-Shot,,"MP4- 1.15 GB",,"Full Show","Ethel Barrymore Theatre","New York, NY",2026-08-02,https://encora.it/recordings/63/
Video,Company,"Third Broadway Revival","April, 2022",Evening,juniper47,"Britney Coleman (u/s Bobbie), Patti LuPone (Joanne), Terence Archie (Larry), Javier Ignacio (u/s Jamie), Etai Benson (Paul), Kathryn Allison (u/s Sarah), Tally Sessions (u/s Harry), Rashidra Scott (Susan), Greg Hildreth (Peter), Nikki Renée Daniels (Jenny), Matt Wall (u/s David), Claybourne Elder (Andy), Bobby Conte Thornton (PJ), Heath Saunders (u/s Theo), Anisha Nagarajan (New Yorker), Jeff Kready (u/s New Yorker), Nicholas Rodriguez (u/s New Yorker)",,"Filmed in 4K (released as 1080p and 4K), external audio. Only minor obstructions at the bottom in wider shots. Short drop-outs for applause and latecomers. Steady filming throughout—perhaps my best Company video so far! Britney Coleman's debut performance as Bobbie and many understudies alongside her—a joy to see different takes on roles! Never to be sold except by master, never to be posted anywhere online.",2024-04-01,,NFS,"Gift at your Discretion",Unrestricted,Bootleg,"MP4 (HD & 4K)","MP4 - 10.32 GB",,"Full Show","Bernard B. Jacobs Theatre","New York, NY",2026-07-31,https://encora.it/recordings/1124074/
Video,"The Crucible","Fifth Broadway Revival","March 30, 2016",Evening,SunsetBlvd79,"Ben Whishaw (John Proctor), Saoirse Ronan (Abigail Williams), Ciarán Hinds (Deputy Governor Danforth), Sophie Okonedo (Elizabeth Proctor), Jason Butler Harner (Reverend Samuel Parris), Bill Camp (Reverend John Hale), Elizabeth Teeter (Betty Parris)",,"Stunning and intense production of this Arthur Miller classic. There is a head that is shot over on the left side of the stage. It usually just blocks the actors' legs when in the frame, which is worked around well. The last 10 seconds of the show (Elizabeth's speech) are missing due to length of show and battery running out. A-",,,,"Gift at your Discretion",Unrestricted,Bootleg,,"VOB+smalls - 8.20 GB",,"Full Show","Walter Kerr Theatre","New York, NY",2026-09-12,https://encora.it/recordings/1884/
Video,"The Curious Case of Benjamin Button","West End","August, 2025",Unknown,MTTZ,"John Dagleish (Benjamin Button/Reverthi), Clare Foster (Elowen Keene/Sterenow/The Sheep), Benedict Salter (Roger Button/Tewes), Philippa Hogg (Mary Button/Millie Dyer/Psychiatrist/Avoryow), Matthew Romain (t/r Trenlee Senior/t/r Growan/t/r Captain Carrick), Matthew Burns (Mrs Gladstone/Landlord/Electrotherapist/Morlan/u/s Jago Trenlee), Katy Ellis (u/s Mr Gladstone/u/s Landlady/u/s Lowen Button/u/s Ebron), Anna Fordham (Mrs Bennett/Locryn Button/Keynvor), Elliot Mackenzie (u/s Mrs Gladstone's Sister/u/s Billy Tyne/u/s Meryn Gladstone/u/s Tir), Ann Marcuson (Miss Moncrief/Drunken Sailor/Doctor/Maggie Moncrief/Treth), Jack Quarton (Mr Bennett/Jack Trenlee/Tonnow)","Excellent capture of this incredible show! Shot in a great mix of wides, mediums, and close-ups. Some wandering, shaking, and re-adjusting throughout. Audio is patched in from an external source. Overall a fantastic capture.",,2026-03-05,,,"Never Gift",Unrestricted,Bootleg,"MP4 (4K)","MP4 - 9.5 GB",,"Full Show","The Ambassadors Theatre","London, United Kingdom",2026-09-05,https://encora.it/recordings/2020223/
Video,Cymbeline,"Shakespeare’s Globe",2025,Unknown,,"Gabrielle Brooks (Imogen), Nadi Kemp-Sayfi (Posthumus), Jordan Mifsúd (Cloten), Os Leanse (u/s Cymbeline), Pierro Niel-Mee (Iachimo), Amanda Bright (Pisanio), Nigel Barrett (Caius Lucius)",,,,,NFS,"Gift at your Discretion",Unrestricted,Pro-Shot,,"MP4 (x2) - |With A.D. - 6.02 GB| Without A.D. - 5.92 GB",,"Full Show","Sam Wanamaker Playhouse",,2026-08-23,https://encora.it/recordings/2036481/
Video,"Damn Yankees","Encores Summer Series","July 5, 2008",Evening,SunsetBlvd79,"Jane Krakowski (Lola), Cheyenne Jackson (Joe Hardy), Sean Hayes (Mr. Applegate), P.J. Benjamin (Joe Boyd), Megan Lawrence (Gloria Thorpe), Michael Mulheren (Van Buren), Randy Graff (Meg Boyd), John Horton (Mr. Welch), Veanne Cox (Sister), Kathy Fitzgerald (Doris), Jimmy Smagula (Rocky), Jay Lusteck (Lynch), Rachel Coloff (Miss Weston), Jimmy Ray Bennett (Sohovik), T. Oliver Reid (Linville), Robert Creighton (Smokey), Baron Vaughn (Henry), David Garrison (Play-by-Play Announcer), Stacey Sargeant (Ensemble), Marya Grandy (Ensemble), Anderson Davis (Ensemble), Shannon Lewis (Ensemble), Pamela Otterson (Ensemble), Adam Perry (Ensemble), Karine Plantadit (Ensemble), Jon Rua (Ensemble), Alexander Scheitinger (Ensemble), Chandra Lee Schwartz (Ensemble), Cody Ryan Wise (Ensemble)","AMAZINGLY put together and performed. Jane, as always, was to die for. Sean was such a joy to watch on stage. And Randy, WOW, her subtlety and charm were astonishing. This capture is just stunning and one of the best from City Center, with no obstructions. A+",,,,,"Gift at your Discretion",Unrestricted,Bootleg,,"VOB+smalls - 3.87 GB",,"Full Show","New York City Center - Mainstage","New York, NY",2026-09-04,https://encora.it/recordings/1888/
Video,"Dear Evan Hansen",Broadway,"December, 2021 (1)",Unknown,StarCuffedJeans,"Jordan Fisher (Evan Hansen), Jessica Phillips (Heidi Hansen), Gabi Carrubba (Zoe Murphy), Christiane Noll (Cynthia Murphy), Ivan Hernandez (Larry Murphy), David Jeffery (Connor Murphy), Jared Goldsmith (Jared Kleinman), Phoebe Koyabe (Alana Beck)",,"Reopening night!",2022-08-01,,,"Gift at your Discretion",Unrestricted,Bootleg,"MP4 (HD) - 6.9 GB","MP4 - 6.9 GB",,"Full Show","Music Box Theatre","New York, NY",2026-08-20,https://encora.it/recordings/1120416/
Video,"Death Becomes Her",Broadway,"January, 2025",Evening,"The Riddle","Megan Hilty (Madeline Ashton), Jennifer Simard (Helen Sharp), Christopher Sieber (Ernest Menville), Michelle T. Williams (Viola Van Horn), Taurean Everett (Chagall), Josh Lamon (Stefan), Bud Weber (Ensemble), Sir Brock Warren (Ensemble), Marija Juliette Abney (Ensemble), Ryan Worsing (Ensemble), Kaleigh Cronin (Ensemble), Amy Quanbeck (s/w Ensemble), Ximone Rose (Ensemble), Michael Graceffa (Ensemble), Johanna Moise (s/w Ensemble), Kolton Krouse (Ensemble), Neil Haskell (Ensemble), Sarah Meahl (Ensemble)","Great 4k capture of this incredible show.  Shot with a mix of mediums, wides, and close-ups.  Shot around a railing which sometimes appears in shot and can cause wide shots to be tilted slightly more than usual, and there are moments of wandering/focusing on the wrong thing, particularly during the first ten minutes or so.  Includes bows.  Other than that, this is a great capture of this hilarious new musical that I had absolutely the best time at.",,2025-09-01,,,"Never Gift",Unrestricted,Bootleg,,"MP4 - 9.25 GB",,"Full Show","Lunt-Fontanne Theatre","New York, NY",2026-08-20,https://encora.it/recordings/2010713/
Video,"Death Note: The Musical","West End Concert (Lyric Theatre)","September, 2023",Unknown,Lasagna,"Carl Man (alt L), George Maguire (Ryuk), Joaquin Pedro Valdes (Light Yagami), Aimie Atkinson (Rem), Christian Rey Marbella (Soichiro), Jessica Lee (Misa Amane), Rachel Clare Chan (Sayu Yagami)",,"Good capture of Carl as L! Shot from the side and over a barrier but nothing important is blocked.",,,,"Gift at your Discretion",Unrestricted,Bootleg,"MP4 (4K)","MP4 - 7.81 GB",,"Full Show","Lyric Theatre","London, United Kingdom",2026-09-02,https://encora.it/recordings/1148855/
Video,"Death Note: The Musical","West End Concert (Palladium Theatre)","August, 2023",Unknown,Lasagna,"Dean John-Wilson (L), Adam Pascal (Ryuk), Joaquin Pedro Valdes (Light Yagami), Aimie Atkinson (Rem), Christian Rey Marbella (Soichiro), Frances Mayli McCann (Misa Amane), Rachel Clare Chan (Sayu Yagami), Felipe Bejarano (Mogi), Yojiro Ichikawa (Ukita), Eu Jin Hwang (Matsuda), Nick Len (Ide), Marcel Li-Ping (Aizawa), David Kar-Hing Lee (Lind L. Taylor), Jojo Meredith (Haley Belle), Janine Somcio (Ensemble), Jasmine Leung (Ensemble), Deena Kapadia (Ensemble), Jade Copas (Ensemble), Charlotte Coggin (Ensemble)",,"Incredible capture of this staged production of Death Note! Unobstructed view, a couple very brief dropouts due to people getting up.",2023-12-29,,,"Gift at your Discretion",Unrestricted,Bootleg,"MP4 (4K)","MP4 - 8.07 GB",,"Full Show","London Palladium","London, United Kingdom",2026-08-10,https://encora.it/recordings/1147281/
Video,Dogfight,"Off-West End",2014,Unknown,,"Laura Jane Matthewson (Rose Fenny), Jamie Muscato (Eddie Birdlace), Cellen Chugg Jones (Boland), Nicholas Corre (Bernstein), Rebecca Trehearn (Marcy), Amanda Minihan (Mama), Ciaran Joyce (Gibbs), Joshua Dowen (Stevens), Samuel J Weir (Fector), Matthew Cutts (Lounge Singer), Emily Olive Boyd (Ruth Two Bears)",,"Youtube rip. Archive recording.",,,NFS,"Gift at your Discretion",Unrestricted,Pro-Shot,,"11.9 GB total (4K MP4 - 8.76 GB | 480p MP4 - 497 MB | 1080p MP4 - 2.71 GB)",,"Full Show","Southwark Playhouse","London, United Kingdom",2026-08-05,https://encora.it/recordings/2019787/
Video,Dogfight,Off-Broadway,"August 15, 2012",Evening,SunsetBlvd79,"Lindsay Mendez (Rose Fenny), Derek Klena (Eddie Birdlace), Josh Segarra (Boland), Nick Blaemire (Bernstein), Annaleigh Ashford (Marcy), Becca Ayers (Mama), Steven Booth (Gibbs), Adam Halpin (Stevens), F. Michael Haynie (Fector), James Moye (Lounge Singer), Dierdre Friel (Ruth Two Bears)",,"A beautiful coming of age story with great performances from the cast. Annaleigh is wonderful here as usual. Great HD capture in a very small theater; in wider shots, heads can be in the frame toward the bottom, but mostly shot over them. A-",,,,"Gift at your Discretion",Unrestricted,Bootleg,"VOB and Smalls (7.40 GB)","VOB + smalls - 7.34 GB",,"Full Show","Second Stage Theatre","New York, NY",2026-08-05,https://encora.it/recordings/407/
Video,"Dracula (Krzysztof Pastor)","Polish National Ballet",2022,Unknown,,"Vladimir Yaroshenko (Count Dracula), Kristóf Szabó (Old Dracula), Patryk Walczak (Jonathan), Yuka Ebihara (Mina-Elisabeta), Mai Kageyama (Lucy), Ana Kipshidze (Mrs. Westenra), Maksim Woitiul (Arthur), Carlos Martín Pérez (Dr. Seward), Gregor Giselbrecht (Prof. Van Helsing), Kilian Smith (Renfield), Diogo de Oliveira (Phantom 1), Cezary Wąsik (Phantom 2), Emilia Stachurska (Female Vampire 1), Palina Rusetskaya (Female Vampire 2), Jaeeun Jung (Female Vampire 3), Ryota Kitai (Male Vampire 1), Nikodem Bialik (Male Vampire 2), Adam Huczka (Male Vampire 3), Olga Yaroshenko (Transylvanian Mother)",,"Ballet in two acts with a prologue
Libretto: Paweł Chynowski after Bram Stoker’s novel
Music: Wojciech Kilar (film scores and excerpts from Kościelec 1909, Concerto for Piano and Orchestra & Symphony No. 5)
Arrangement: Michael Brett
World premiere: 6 September 2018, West Australian Ballet, Perth
Polish premiere: 28 April 2022, Polish National Ballet, Warsaw

Soprano recordings: Belinda Butler
Recorded by: Malcolm Luker, Twin Palm Studios, Perth, Western Australia",,,NFS,"Gift at your Discretion",Unrestricted,Pro-Shot,,"MP4 - 1.6 GB",,"Full Show","Polish National Opera","Warsaw, Poland",2026-08-14,https://encora.it/recordings/2022109/
Video,"Dracula (Krzysztof Pastor)","Finnish National Ballet",2024,Unknown,,"Michal Krčmář (Count Dracula), Sergei Popov (Old Dracula), Jun Xia (Jonathan), Zhiyao Chen (Mina-Elisabeta), Abigail Sheppard (Lucy)","Choreography – Krzysztof Pastor
Music – Wojciech Kilar
Conductor – Patrick Fournillier
Sets – Charles Cusick Smith, Phil R. Daniels
Costumes – Charles Cusick Smith, Phil R. Daniels
Lighting Design – Jon Buswell",,,,,"Gift at your Discretion",Unrestricted,Pro-Shot,,"MP4 - 5.36 GB",,"Full Show","Finnish National Opera and Ballet","Helsinki, Finland",2026-08-05,https://encora.it/recordings/2022110/
Video,"Dracula, A Comedy of Terrors",Off-Broadway,"December 18, 2023",Evening,bikinibottomday,"James Daly (Dracula), Andrew Keenan-Bolger (Jonathan Harker/Suitors), Jordan Boatman (Lucy/Kitty), Arnie Burton (Mina/Van Helsing), Ellen Harvey (Dr. Westfeldt/Renfield)","<p>Excellent 4K capture of this hilarious show! Due to a camera error, the last 15 seconds of the show are audio only. Some wandering / readjustment and unfocusing throughout. Audio fed from external source.</p>",,2024-06-17,,,"Never Gift",Unrestricted,Bootleg,"4K MP4 (6.39GB)","MP4 - 6.39 GB",,"Full Show","New World Stages - Stage 5","New York, NY",2026-08-26,https://encora.it/recordings/1152919/
Video,"The Drowsy Chaperone",Broadway,"April 3, 2006",Evening,Unknown,"Bob Martin (Man in Chair), Beth Leavel (The Drowsy Chaperone), Sutton Foster (Janet Van De Graaff), Danny Burstein (Aldolpho), Troy Britton Johnson (Robert Martin), Eddie Korbich (George), Edward Hibbert (Underling), Georgia Engel (Mrs. Tottendale), Lenny Wolpe (Feldzieg), Jennifer Smith (Kitty), Jason Kravits (Gangster #1), Garth Kravits (Gangster #2), Kecia Lewis-Evans (Trix)",,,,,,"Gift at your Discretion",Unrestricted,Bootleg,,"VOB + smalls - 3.66 GB",,"Full Show","Marquis Theatre","New York, NY",2026-08-20,https://encora.it/recordings/5766/
Video,"Emmett Otter's Jug-Band Christmas","Studebaker Theater","December 3, 2023",Matinee,"Medium Observation","Andy Mientus (Emmett Otter), Emily Rohm (Gretchen Fox/Hetty Muskrat/Owl), David Stephens (Yancy Woodchuck/Skippy Squirrel/Scatfish), Anney Ozar (Old Lady Possum/Nutella Squirrel/Howard Snake), Matthew Furtado (Stan Weasel/Stinky Skunk), Jordan Brownlee (Doc Bullfrog/Tiny Squirrel/Chuck Stoat), Kathleen Elizabeth Monteleone (Ma Otter), Nick Cearley (Charlie Muskrat), Sawyer Smith (Madame Squirrel), Sharriese Hamilton (Mrs. Mink), Kevin Covert (Mayor Fox), James Silson (Fred Lizard/Jiffy Squirrel), Ben Mathew (Harvey Beaver), Steven Huynh (Wendell Porcupine), Leah Morrow (Chorus)",,"Excellent video of this fantastic production! No obstruction due to an unfortunately empty theater. 11am matinee.",,,,"Gift at your Discretion",Unrestricted,Bootleg,,"MP4 - 6.23 GB",,"Full Show","Studebaker Theatre","Chicago, IL",2026-08-12,https://encora.it/recordings/1152868/
Video,"Eureka Day","Huntington Theatre Company","June 5, 2026",Unknown,,"Nancy Lemenager (Suzanne), Ken Cheeseman (Don), Eunice Woods (Carina), Japhet Balaban (Eli), Ebonie Marie (Winter), Sasha Diamond (Meiko)",,,,,NFS,"Gift at your Discretion",Unrestricted,Pro-Shot,"MP4 (3.34 GB)","MP4 - 3.34 GB",,"Full Show","Huntington Theatre","Boston, MA",2026-08-23,https://encora.it/recordings/2034968/
Video,Evita,"Second West End Revival","August, 2025 (2)",Unknown,MTTZ,"Rachel Zegler (Eva Perón), Diego Andres Rodriguez (Che), James Olivas (Perón), Aaron Lee Lambert (Magaldi), Bella Brown (Perón's Mistress), Ffion Rosalie Williams (Child), Carl Au (Ensemble), Gabriela Benedetti (Ensemble), Kirsty Anne Shaw (s/w Ensemble), Damian Buhagiar (Ensemble), Kyeirah D'Marni (Ensemble), Sally Frith (Ensemble), DeAngelo Jones (Ensemble), Lucas Koch (Ensemble), Natasha Leaver (Ensemble), Michael Lin (Ensemble), Diante Lodge (Ensemble), Louis Mackrodt (Ensemble), Mireia Mambo (Ensemble), Mia Mullarkey (Ensemble), Perry O'Dea (Ensemble), Myla Carmen (s/w Ensemble), Monica Swayne (Ensemble), Jon Tsouras (Ensemble), Harrison Wilde (Ensemble)","Excellent capture of this blockbuster production! Shot in a great mix of wides, mediums, and close-ups. Minor obstruction on the bottom ride side that never blocks any significant action. Some wandering, shaking, and re-adjusting throughout. Audio is patched in from an external source, you might hear me coughing and/or sneezing -- sorry about that. Overall a fantastic capture.",,2026-02-05,,,"Never Gift",Unrestricted,Bootleg,"MP4 (4K), 8.13GB","MP4 - 8.12 GB",,"Full Show","London Palladium","London, United Kingdom",2026-08-06,https://encora.it/recordings/2019156/
Video,Falsettos,"First Broadway Revival","January, 2017",Unknown,,"Christian Borle (Marvin), Andrew Rannells (Whizzer), Stephanie J. Block (Trina), Brandon Uranowitz (Mendel), Anthony Rosenthal (Jason), Tracie Thoms (Dr. Charlotte), Betsy Wolfe (Cordelia)",,"Filmed January 3 & 4, 2017 and aired on PBS on October 27, 2017.",,,,"Gift at your Discretion",Unrestricted,Pro-Shot,,"MP4 - 930 MB",,"Full Show","Walter Kerr Theatre","New York, NY",2026-07-31,https://encora.it/recordings/64/
Video,"Funny Girl","First Broadway Revival","April 26, 2023",Evening,"Medium Observation","Julie Benko (alt Fanny Brice), Ramin Karimloo (Nick Arnstein), Tovah Feldshuh (Mrs. Brice), Jared Grimes (Eddie), Paolo Montalban (Florenz Ziegfield), Leslie Blake Walker (u/s Emma/u/s Mrs. Nadler), Debra Cardona (Mrs. Meeker), Anne L. Nathan (Mrs. Strakosh), Michael Mastro (Tom Keeney/Actor), Kaitlyn Frank (s/w Ensemble)",,"Excellent video of this show from the orchestra. Some heads are seen but not obstructing anything, except on the right side of the screen when they are extremely stage left. Colors are absolutely beautiful. Some washout but it's very minimal. Overall a near perfect capture.",2024-01-01,,,"Gift at your Discretion",Unrestricted,Bootleg,"MP4 (4K) - 11 GB","MP4 - 11.01 GB",,"Full Show","August Wilson Theatre","New York, NY",2026-08-19,https://encora.it/recordings/1144505/
Video,Galileo,"Berkeley Repertory Theatre","May, 2024 (2)",Evening,MTTZ,"Raúl Esparza (Galileo Galilei), Madalynn Mathews (Virginia Galilei), Zalah Vallien (Young Nun), Jeremy Kushnier (Bishop Maffeo Barberini), Bradley Dean (Bishop Grasso), Javier Muñoz (Cardinal Morosini), Christian Magby (Alessandro Tarantola), DeMone Seraphin (Paolo Tarantola), Erica Sweany (Mother Superior), Adam Halpin (Bruno Giordano/Vice Commander Caspari), Nicole Kyoung-Mi Lambert (Ensemble), Michael J. Mainwaring (Ensemble), Alexander Mendoza (Ensemble), Brian Ray Norris (Ensemble), Chase Peacock (Ensemble), Madeleine Spacapan (Ensemble), Michal Kolaczkowski (s/w Ensemble), Gabrielle Elisabeth (Ensemble)","<p>Fantastic capture of this world premiere musical! Shot around a head that obstructs some of the bottom right of the stage, it doesn't obscure much and is worked around pretty well. My backpack also sometimes obscures some of the bottom of the stage during the first act, but you don't miss any action from that. Some increased wandering, shaking, and re-adjusting throughout. Shot in a wonderful mix of wides, mediums, and close-ups throughout. Raul is on absolute fire in this performance, as are his supporting cast who turn in some wonderful performances. I can't wait to see where this show goes next.</p>",,2024-11-05,,,"Gift at your Discretion",Unrestricted,Bootleg,,"MP4 - 9.91 GB",,"Full Show","Berkeley Repertory Theatre - Roda Theatre","Berkeley, CA",2026-08-20,https://encora.it/recordings/2001165/
Video,"A Gentleman's Guide to Love and Murder",Broadway,"May 3, 2014",Evening,SunsetBlvd79,"Bryce Pinkham (Monty Navarro), Jefferson Mays (The D'Ysquith Family), Lisa O'Hare (Sibella Hallward), Lauren Worsham (Phoebe D'Ysquith), Jane Carr (Miss Marietta Shingle)",,"A beautiful HD capture of the front runner for Best Musical Tony Award. A hilarious show with an equally hilarious cast. Jefferson Mays is an insanely talented actor! A 

May be incorrectly listed as 2014-05-14",,,,"Gift at your Discretion",Unrestricted,Bootleg,,"VOB+smalls - 6.97 GB",,"Full Show","Walter Kerr Theatre","New York, NY",2026-08-21,https://encora.it/recordings/1090/
Video,"A Gentleman's Guide to Love and Murder","Gateway Playhouse","November, 2021",Unknown,bikinibottomday,"Blake Price (Monty Navarro), James Taylor Odom (The D'Ysquith Family), Gail Bennett (Sibella Hallward), Kelley Dorney (Phoebe D'Ysquith), Terra C. MacLeod (Miss Marietta Shingle), David Engel (Magistrate), Janet Dickinson (Lady Eugenia D'Ysquith), Matt Rosell (Tom Copley), Cassie Austin Taylor (Miss Evangeline Barley), Jonathan Arana (Chief Inspector Pinckney)","Nice capture of this amazing regional production that uses the original Broadway set and costumes! Filmed during closing week. The first three minutes of Act One black out several times due to latecomers, and each act has very few, brief blackouts afterwards. Camera often jerks around and the very left side of the stage is obstructed by a head, but most of the action is nicely captured. Includes curtain call. There are some speaker / mic problems throughout the show that lead the actors to sound muffled, but still audible.",,2022-04-15,,,"Never Gift",Unrestricted,Bootleg,"HD MP4 (6.86GB)","MP4 - 6.86 GB",,"Full Show","Gateway Playhouse","Bellport, NY",2026-09-16,https://encora.it/recordings/1119183/
Video,"The Great Gatsby (Howland/Tysen/Kerrigan)","West End","August, 2025",Unknown,MTTZ,"Jamie Muscato (Jay Gatsby), Frances Mayli McCann (Daisy Buchanan), Corbin Bleu (Nick Carraway), Amber Davies (Jordan Baker), Rachel Tucker (Myrtle Wilson), John Owen-Jones (Meyer Wolfsheim), Jon Robyns (Tom Buchanan), Joel Montague (George Wilson), George Crawford (Ensemble), Jordan Crouch (Ensemble), Kiara Dario (Ensemble), Frances Dee (Ensemble), Aimée Fisher (Ensemble), Tom Andrew Hargreaves (Ensemble), Alyn Hawke (Ensemble), Ediz Mahmut (Ensemble), Jamel Matthias (Ensemble), Nevé McGuinness-Dyce (Ensemble), Rose Ouellette (Ensemble), Sophie Pourret (Ensemble), Will Richardson (Ensemble), Lily Wang (Ensemble)","Excellent capture of this stunning cast! Shot in a great mix of wides, mediums, and close-ups. Some wandering, shaking, and re-adjusting throughout. Some occasional obstruction in act 1 that doesn’t block any significant action. Audio is patched in from an external source; some audience member disturbances and some rustling/scratching can be heard. Overall a fantastic capture. ",,2026-02-05,,,"Never Gift",Unrestricted,Bootleg,"MP4 (4K) - 9.41 GB","MP4 - 9.41 GB",,"Full Show","London Coliseum","London, United Kingdom",2026-08-06,https://encora.it/recordings/2019155/
Video,"The Grinning Man","Bristol Old Vic","November, 2016",Unknown,,"Louis Maskell (Grinpayne), Julian Bleach (Barkilphedro), Sean Kingsley (Ursus), Audrey Brisson (Dea), Gloria Onitiri (Josiana), Ewan Black (Osric/Trelaw), Stuart Neal (Dirry-Moir), Patrycja Kujawska (Queen Angelica), Gloria Obianyo (Quake/Mother)",,"Streamed on Bristol Old Vic YouTube Channel. Available in 4K.",,,,"Gift at your Discretion",Unrestricted,Pro-Shot,,"MP4 - 2.85 GB",,"Full Show","Bristol Old Vic","Bristol, United Kingdom",2026-08-12,https://encora.it/recordings/35322/
Video,"Groundhog Day",Melbourne,"February 4, 2024",Matinee,onesmallstar,"Andy Karl (Phil Connors), Elise McCann (Rita Hanson), Tim Wright (Ned Ryerson), Ashleigh Rubenach (Nancy Taylor), Conor Neylon (Gus/Jeff), Connor Sweeney (Ralph), Kaya Byrne (Larry), Andrew Dunne (Buster), Afua Adjei (Debbie), Jacob Steen (Fred), Alison Whyte (Mrs. Lancaster), Etuate Lutui (Deputy/Chubby Man), Kate Cole (Piano Teacher), Michael Lindner (Jenson), Kate Yaxley (Joelle), Matthew Hamilton (Sheriff), Andrew Coshan (Billy), Grant Almirall (Hot Dog Seller)","<p>Excellent capture with minimal obstruction and steady filming. A few heads appear downstage which occasionally block the actors’ legs. Misses part of the Entr’acte at the start of Act 2.</p>",,2024-12-03,,,"Gift at your Discretion",Unrestricted,Bootleg,"4K MP4 (3840x2160, HEVC) [3 files, total 11.4 GB]","MP4 - 11.39 GB",,"Full Show","Princess Theatre","Melbourne, Australia",2026-08-19,https://encora.it/recordings/1154611/
Video,"Gutenberg! The Musical!",Broadway,"October, 2023",Evening,TheatreCouple14,"Josh Gad (Bud), Andrew Rannells (Doug), Annaleigh Ashford (g/p Producer)",,"Decent wide-shot phone boot from the Mezz. Some of the brighter scenes suffer from washout, and unfortunately some of the hats can't be read during a few scenes, but there's zero obstruction. Action only missed when the character comes through the door a few times that was too far upstage (couldn't even see it from my seat). Very lively audience who were absolutely living for Josh and Andrew breaking character in Act 2.",,,NFS,"Gift at your Discretion",Unrestricted,Bootleg,,"MP4 - 6.25 GB",,"Full Show","James Earl Jones Theatre","New York, NY",2026-08-19,https://encora.it/recordings/1149421/
Video,Gypsy,"Fifth Broadway Revival","January, 2025",Matinee,"The Riddle","Audra McDonald (Rose), Danny Burstein (Herbie), Joy Woods (Louise), Jordan Tyson (June), Lesli Margherita (Tessie Tura), Mylinda Hull (Electra/Miss Cratchitt), Lili Thomas (Mazeppa), Jade Smith (Baby June), Kyleigh Vickers (Baby Louise), Kevin Csolak (Tulsa), Andrew Kober (Mr. Goldstone/Cigar/Bougeron-Cochon), Jacob Ming-Trent (Uncle Jocko/Kringelein), Thomas Silcott (Pop), James McMenamin (Pastey/Weber/Phil), Brendan Sheehan (Yonkers), Jordan Wynn (s/w Agnes), Brandon Burks (Georgie), Zachary Daniel Jones (Angie), Aliah James (Geraldine), Summer Rae Daney (Balloon Girl), Tony d'Alelio (Little Rock), Kellie Jean Hoagland (Edna Mae), Sally Shaw (Renée/Marjorie May), Majo Rivero (Dolores), Krystal Mackie (Thelma), Jace Bently (Carmichael/Newsboy), Ethan Joseph (Newsboy/Uncle Jocko's Kiddie), Jayden Theophile (Newsboy/Uncle Jocko's Kiddie), Marley Gomes (Uncle Jocko's Kiddie), Hunter Capellán (Uncle Jocko's Kiddie)","Excellent 4k capture of this beautiful revival.  Filmed with a mix of mostly wides and mediums to capture choreography and the gorgeous character work.  Has some issues with washout in some wide shots.  A few heads appear near the bottom of the screen that don’t really affect visibility except occasionally blocking off performer’s feet, though they obstruct slightly more when performers step out onto the passerelle.  Only occasional issues with tilt at times, and occasionally the video has some issues with horizontal bars appearing over the footage because my camera did not play nicely with the lighting in some scenes.   These ultimately do not ruin the picture but can be distracting, along with minor moments of unfocusing.  The beginning of both acts are messy due to usher activity, particularly Act 2, which is back to normal starting in the middle of Together (Wherever We Go).  Overall, a really stunning capture with some beautiful closeups.  Audra is beyond incredible, absolutely inimitable.",,2025-08-01,,,"Never Gift",Unrestricted,Bootleg,"MP4 (12.46 GB, 2160p)","MP4 - 12.4 GB",,"Full Show","Majestic Theatre","New York, NY",2026-09-12,https://encora.it/recordings/2009478/
Video,Hadestown,"West End","August, 2024",Unknown,Lasagna,"Dónal Finn (Orpheus), Grace Hodgett-Young (Eurydice), Gloria Onitiri (Persephone), Zachary James (Hades), Melanie La Barrie (Hermes), Bella Brown (Fate), Madeline Charlemagne (Fate), Allie Daniel (Fate), Ryesha Higgs (s/w Worker)","Solid capture of Donal and Grace’s final performance! Shot around heads. Includes emotional final bows/speeches",,2025-07-29,,,"Gift at your Discretion",Unrestricted,Bootleg,"MP4 (10.18GB)","MP4 - 10.1 GB",,"Full Show","Lyric Theatre","London, United Kingdom",2026-08-12,https://encora.it/recordings/2004076/
Video,Hadestown,"First US National Tour","May 20, 2023",Matinee,"Medium Observation","Colin LeMoine (u/s Orpheus), Hannah Whitley (Eurydice), Nyla Watson (u/s Persephone), Matthew Patrick Quinn (Hades), Nathan Lee Graham (Hermes), Belén Moyano (Fate), Cecilia Trippiedi (u/s Fate), Dominique Kempf (Fate), Racquel Williams (Worker), Shavey Brown (Worker), KC Dela Cruz (s/w Worker), Ian Coulter-Buford (s/w Worker)",,"Fantastic video of Colin's Orpheus debut! There is a small head obstruction in the far left bottom that obstructs nothing but Hermes' legs at times. This was a very unique and stressful show for the cast as they were down a worker and had everyone in the company on in the show. The show started almost 25 minutes late as they had to rehearse and change choreo. The lights hit in Wait For Me and the choreo change is quite fun to see and it's unique!",2023-12-01,,,"Gift at your Discretion",Unrestricted,Bootleg,,"MP4 - 10.37 GB",,"Full Show","Kentucky Center for the Performing Arts","Louisville, KY",2026-09-16,https://encora.it/recordings/1143341/
Video,Hadestown,"West End","September, 2024 (2)",Unknown,Lasagna,"Dylan Wood (Orpheus), Madeline Charlemagne (Eurydice), Gloria Onitiri (Persephone), Christopher Short (u/s Hades), Winny Herbert (u/s Hermes), Bella Brown (Fate), Francessca Daniella-Baker (Fate), Allie Daniel (Fate), Ryesha Higgs (s/w Worker), Simon Oskarsson (s/w Worker), Ediz Mahmut (s/w Worker), Beth Hinton-Lever (Worker), Tiago Dhondt Bamberger (Worker)","Fantastic capture of Winny's insane debut as Hermes!","Band: Daniel Higham (Trombone), Natalie Rozario (Cello sub), Ros Stephen (Violin), Brad Webb (Drums), Jack Tustin (Bass sub), Nick Fitch (Guitar sub), Tarek Merchant (Keys)",2025-07-29,,NFS,"Never Gift",Unrestricted,Bootleg,"MP4 (4K)","MP4 - 9.35 GB",,"Full Show","Lyric Theatre","London, United Kingdom",2026-08-07,https://encora.it/recordings/2004090/
Video,Hadestown,Broadway,"May 24, 2024",Evening,bikinibottomday,"Sayo Oni (u/s Orpheus), Isa Briones (Eurydice), Ani DiFranco (Persephone), Phillip Boykin (Hades), Jon Jon Briones (Hermes), Kay Trinidad (Fate), Jessie Shelton (Fate), Brit West (Fate), Yael ""YaYa"" Reich (s/w Worker), Malcolm Armwood (Worker), Tanner Ray Wilson (s/w Worker), Max Kumangai (s/w Worker), Grace Yoo (Worker)","<p>Excellent 4K capture of Sayo and Isa together! Some moments of wandering and unfocusing. One head visible at the bottom but shouldn’t block anything. Includes curtain call and “We Raise Our Cups,” audio fed from external source.</p>",,2024-12-17,,,"Never Gift",Unrestricted,Bootleg,"4K MP4 (9.67 GB)","MP4 - 9.67 GB",,"Full Show","Walter Kerr Theatre","New York, NY",2026-09-16,https://encora.it/recordings/2001361/
Video,Hadestown,Broadway,"November, 2024",Unknown,MTTZ,"Jordan Fisher (Orpheus), Maia Reficco (Eurydice), Allison Russell (Persephone), Phillip Boykin (Hades), Malcolm Armwood (u/s Hermes), Shea Renne (Fate), Jessie Shelton (Fate), Brit West (Fate), Brandon Cameron (s/w Worker), KC Dela Cruz (s/w Worker), Tanner Ray Wilson (s/w Worker), Emily Afton (Worker), Timothy H. Lee (Worker)","Excellent capture of this incredible show with Allison Russell joining the cast as Persephone. My first Broadway video! Shot around an annoying moving head that mostly obstructs the bottom left of the stage when present, but it's worked around well and is mostly unobtrustive as well as mostly going away in act 2. Shot in a great mix of wides, mediums, and close-ups. Some increased wandering, shaking, and re-adjusting throughout. Audio is patched in from an external source. Does not include Bows or We Raise Our Cups. Overall a wonderful capture that only gets messy when navigating head obstruction.",,2025-07-05,,,"Gift at your Discretion",Unrestricted,Bootleg,,"MP4 - 9.04 GB",,"Full Show","Walter Kerr Theatre","New York, NY",2026-08-29,https://encora.it/recordings/2007942/
Video,Hadestown,Broadway,"May 29, 2024",Evening,"Medium Observation","Jordan Fisher (Orpheus), Isa Briones (Eurydice), Ani DiFranco (Persephone), Phillip Boykin (Hades), Jon Jon Briones (Hermes), Jessie Shelton (Fate), Kay Trinidad (Fate), Brit West (Fate), Malcolm Armwood (Worker), Sayo Oni (Worker), Emily Afton (Worker), Alex Puette (Worker), Grace Yoo (Worker)","<p>Near perfect capture of this incredible cast. there is a brief 30 second blackout at the end of road to hell. some readjusting and shakiness is seen throughout. includes we raise our cups.</p>",,2024-12-01,,,"Gift at your Discretion",Unrestricted,Bootleg,,"MP4 - 10.27 GB",,"Full Show","Walter Kerr Theatre","New York, NY",2026-09-17,https://encora.it/recordings/2000492/
Video,Hadestown,Broadway,"May 28, 2025",Matinee,bikinibottomday,"Ali Louis Bourzgui (Orpheus), Myra Molloy (Eurydice), Merle Dandridge (Persephone), Matthew Patrick Quinn (t/r Hades), Daniel Breaker (Hermes), Marla Louissaint (Fate), Jessie Shelton (Fate), Kay Trinidad (Fate), KC Dela Cruz (s/w Worker), Malcolm Armwood (Worker), Sydney Parra (Worker), Tanner Ray Wilson (s/w Worker), Chibueze Ihuoma (Worker)","Excellent 4K capture of the new cast with Matthew! Starts about 30 seconds into “Road To Hell.” About a minute long blackout afterward due to latecomers. Increased wandering / readjustment and unfocusing throughout. Includes curtain call and “We Raise Our Cups,” audio fed from external source.",,2025-12-17,,,"Never Gift",Unrestricted,Bootleg,"4K MP4 (9.53GB)","MP4 - 9.53 GB",,"Full Show","Walter Kerr Theatre","New York, NY",2026-09-08,https://encora.it/recordings/2016014/
Video,Hadestown,"Second US National Tour (Non-Equity)","May, 2025",Unknown,"Medium Observation","José Contreras (Orpheus), Megan Colton (Eurydice), Namisa Mdlalose Bizana (Persephone), Nickolaus Colón (Hades), Jaylon Crump (Hermes), Miriam Navarrete (Fate), Alli Sutton (Fate), Katelyn Crall (Fate), Randy Cain (Worker), Miracle Myles (Worker), Kaitlyn O'Leary (Worker), Mikaela Rada (Worker), Joe Rumi (Worker)","Amazing capture of this casts last show together! Act 2 is missing all of flowers and come home with me reprise due to camera troubles (audio in place of video). NEVER list with full date even if it's obvious what date it is. Some washout, shakiness and readjusting throughout.",,2025-12-01,,,"Never Gift",Unrestricted,Bootleg,,"MP4- 10.49 GB",,"Full Show",,,2026-08-07,https://encora.it/recordings/2015127/
Video,Hadestown,Broadway,"February, 2024",Matinee,allisforgiven,"Jordan Fisher (Orpheus), Solea Pfeiffer (Eurydice), Betty Who (Persephone), Phillip Boykin (Hades), Lillias White (Hermes), Belén Moyano (Fate), Kay Trinidad (Fate), Brit West (Fate), Emily Afton (Worker), Malcolm Armwood (Worker), Chibueze Ihuoma (Worker), Alex Puette (Worker), Grace Yoo (Worker)","Fantastic capture of Solea Pfeiffer and Betty Who's final show. There are heads at the bottom of the screen throughout but no major obstruction. This was a truly amazing performance. The entire cast was on fire and the energy in the room was insane. This is honestly this cast at their absolute best. Includes goodbye speeches from Lillias White and Phillip Boykin. Edited by BenTheChipsAreDown",,2024-09-09,,,"Never Gift",Unrestricted,Bootleg,"MP4 (HD) - 9.01 GB","MP4 - 9.01 GB",,"Full Show","Walter Kerr Theatre","New York, NY",2026-08-29,https://encora.it/recordings/1154704/
Video,Hadestown,"West End","February, 2024 (3)",Unknown,Lasagna,"Dónal Finn (Orpheus), Grace Hodgett-Young (Eurydice), Gloria Onitiri (Persephone), Zachary James (Hades), Melanie La Barrie (Hermes), Bella Brown (Fate), Madeline Charlemagne (Fate), Allie Daniel (Fate)",,"Fantastic capture of this wonderful show! A pillar obstructs the far left but this is the best shot of the three videos, including some lovely zooms.",2025-07-29,,,"Gift at your Discretion",Unrestricted,Bootleg,MP4,"MP4 - 9.26GB",,"Full Show","Lyric Theatre","London, United Kingdom",2026-08-10,https://encora.it/recordings/1155364/
Video,Hadestown,"West End","March, 2024 (2)",Unknown,Lasagna,"Dónal Finn (Orpheus), Madeline Charlemagne (u/s Eurydice), Lauren Azania (u/s Persephone), Zachary James (Hades), Melanie La Barrie (Hermes), Bella Brown (Fate), Miriam Nyarko (u/s Fate), Allie Daniel (Fate), Beth Hinton-Lever (Worker), Ryesha Higgs (s/w Worker), Tiago Dhondt Bamberger (Worker), Waylon Jacobs (Worker), Winny Herbert (s/w Worker)",,"Nice capture of Madeline and Lauren as Eurydice and Persephone! Shot around heads, a few very brief dropouts for safety and a little wandery at times.",2025-07-29,,,"Gift at your Discretion",Unrestricted,Bootleg,"MP4 (4K)","MP4 - 9.30 GB",,"Full Show","Lyric Theatre","London, United Kingdom",2026-08-20,https://encora.it/recordings/1156593/
Video,Hadestown,Broadway,"November 13, 2022",Evening,shesmydoctor,"Sayo Oni (u/s Orpheus), Grace Yoo (u/s Eurydice), Jewelle Blackman (Persephone), Patrick Page (Hades), Max Kumangai (u/s Hermes), Mariand Torres (Fate), Amelia Cormack (Fate), Soara-Joye Ross (Fate), Malcolm Armwood (Worker), Emily Afton (Worker), Alex Puette (Worker), Brandon Cameron (Worker), Tara Jackson (s/w Worker)",,"Near-perfect capture of some great understudies and swings taking over the show! Mix of close-ups, stage shots, and small group shots. Another master, Lasagna, also filmed this performance.",2023-05-08,,,"Gift at your Discretion",Unrestricted,Bootleg,"MP4 (HD) - 7.45 GB","MP4 - 7.45 GB",,"Full Show","Walter Kerr Theatre","New York, NY",2026-09-16,https://encora.it/recordings/1135357/
Video,Hadestown,Broadway,"January, 2022 (2)",Unknown,StarCuffedJeans,"Jordan Dobson (t/r Orpheus), Khaila Wilcoxon (u/s Eurydice), Amber Gray (Persephone), Patrick Page (Hades), Trent Saunders (u/s Hermes), Jessie Shelton (Fate), Kay Trinidad (Fate), Jewelle Blackman (Fate), Yael ""YaYa"" Reich (s/w Worker), Malcolm Armwood (Worker), Timothy Hughes (Worker), Sayo Oni (s/w Worker), Tara Jackson (s/w Worker)",,,2023-11-01,,,"Gift at your Discretion",Unrestricted,Bootleg,"MP4 (HD) - 6.05 GB","MP4 - 6.05 GB",,"Full Show","Walter Kerr Theatre","New York, NY",2026-09-16,https://encora.it/recordings/1142454/
Audio,Hadestown,Broadway,"September 1, 2026",Evening,bobbyskazoo,"Kayko (Orpheus), Jasmin Savoy Brown (Eurydice), Amber Iman (Persephone), Ben Davis (Hades), Norbert Leo Butz (Hermes), Kelly Belarmino (Fate), KC Dela Cruz (Fate), Khori Michelle Petinaud (Fate), Emily Afton (Worker), Malcolm Armwood (Worker), Jeffrey Cornelius (Worker), Alex Puette (Worker), Grace Yoo (Worker)","<p>Welcome back to Broadway, Norbert! <3 Clear audio of the new cast's first show from mid-orchestra; includes We Raise Our Cups and playout.</p><p><br> </p><p>Do not post on any platform (TikTok, Tumblr, YouTube, Reddit, etc.). Please list as bobbyskazoo’s master. Feel free to trade as normal; never to be gifted or sold.</p>","Band: Brian Drye (Trombone), Terrence Thornhill (Cello sub), Dana Lyn (Violin), Ben Perowsky (Drums), Carmen Quill (Bass sub), Ilusha Tsinadze (Guitar), Liam Robinson (Keys)",,,NFS,"Never Gift",Unrestricted,Bootleg,"M4A (untracked) - 413.2 MB","M4A (untracked) - 413.2 MB",,"Full Show","Walter Kerr Theatre","New York, NY",2026-09-02,https://encora.it/recordings/2038403/
Video,Hadestown,"West End",2025,Unknown,,"Reeve Carney (Orpheus), Eva Noblezada (Eurydice), Amber Gray (Persephone), Patrick Page (Hades), André De Shields (Hermes), Bella Brown (Fate), Madeline Charlemagne (Fate), Allie Daniel (Fate), Tiago Dhondt Bamberger (Worker), Waylon Jacobs (Worker), Lauren Azania (Worker), Christopher Short (Worker)",,"Footage was captured during three live performances on February 28 and March 1, 2025. Premiered on June 8, 2026; released in the United States on July 24, 2026. https://www.imdb.com/title/tt36307021/",,,NFS,"Gift at your Discretion",Unrestricted,Pro-Shot,,"MKV - 9.90 (1080p) | MKV - 20.23 GB (4k)",,"Full Show","Lyric Theatre","London, United Kingdom",2026-08-26,https://encora.it/recordings/2037885/
Video,Hadestown,Broadway,"September 2, 2025",Evening,bikinibottomday,"Jack Wolfe (Orpheus), Morgan Dudley (Eurydice), Rebecca Naomi Jones (Persephone), Paulo Szot (Hades), Kurt Elling (Hermes), Shea Renne (Fate), Jessie Shelton (Fate), Kay Trinidad (Fate), Emily Afton (Worker), Malcolm Armwood (Worker), Jeffrey Cornelius (Worker), Sydney Parra (Worker), Alex Puette (Worker)","Excellent 4K capture of Jack, Morgan, Rebecca, Paulo, Kurt, and Jeffrey’s debut! Increased wandering and unfocusing throughout. Includes curtain call and “We Raise Our Cups,” audio fed from external source.","Only released by the master as a 9.68 GB MP4, other file sizes are rips.",2026-03-02,,,"Never Gift",Unrestricted,Bootleg,"4K MP4 (9.68GB)","MP4 - 9.68 GB",,"Full Show","Walter Kerr Theatre","New York, NY",2026-08-05,https://encora.it/recordings/2020104/
Video,Hadestown,"West End","November, 2025",Unknown,hitmewithyourbethshot,"Sebastian Lim-Seet (u/s Orpheus), Desmonda Cathabel (Eurydice), Nicola Roberts (Persephone), Chris Jarman (Hades), Cedric Neal (Hermes), Melanie Bright (Fate), Lauran Rae (Fate), Lindo Shinda (u/s Fate)","Audio is fed from an external source, synced by LichtInDuizendvoud ",,2026-05-17,,,"Never Gift",Unrestricted,Bootleg,,"MP4 - 10.89 GB",,"Full Show","Lyric Theatre","London, United Kingdom",2026-09-13,https://encora.it/recordings/2025771/
Audio,Hadestown,Broadway,"August 8, 2026",Evening,jacksrecordz,"John-Michael Lyles (Orpheus), Jordan Tyson (Eurydice), Gaby Moreno (Persephone), Gary Dourdan (Hades), J. Harrison Ghee (Hermes), Kelly Belarmino (Fate), KC Dela Cruz (Fate), Khori Michelle Petinaud (Fate), Emily Afton (Worker), Jeffrey Cornelius (Worker), Alex Puette (Worker), Sydney Parra (Worker), Tanner Ray Wilson (s/w Worker)","This was our (master's + releaser's) first time watching this musical; this cast was PHENOMENAL and their performance was absolutely breathtaking.","Some minor muffling and sniffling at points but overall very clear. Includes Cups.",,,NFS,"Gift at your Discretion",Unrestricted,Bootleg,"M4A (tracked + untracked) - 292 MB","M4A (tracked + untracked) - 292 MB",,"Full Show","Walter Kerr Theatre","New York, NY",2026-08-22,https://encora.it/recordings/2037715/
Video,Hadestown,Amsterdam,"August 6, 2025",Matinee,Unknown,"Jeangu Macrooy (Orpheus), Sara Afiba (Eurydice), April Darby (alt Persephone), Edwin Jonker (Hades), Maarten Heijmans (Hermes), Astèr Fekre (alt Fate), AÏcha Gill (Fate), Joni Ayton-Kent (Fate), Melissa Otten (Worker), Mickey Vermeer (Worker), Christopher Short (Worker), Winny Herbert (Worker), Tiago Dhondt Bamberger (Worker)",,,,,,"Never Gift",Unrestricted,Bootleg,,"MOV - 11.41 GB",,"Full Show","Koninklijk Theater Carré","Amsterdam, Netherlands",2026-09-12,https://encora.it/recordings/2018533/
Video,Hadestown,"West End","July, 2024",Unknown,Lasagna,"Tiago Dhondt Bamberger (u/s Orpheus), Grace Hodgett-Young (Eurydice), Gloria Onitiri (Persephone), Zachary James (Hades), Melanie La Barrie (Hermes), Bella Brown (Fate), Madeline Charlemagne (Fate), Allie Daniel (Fate)","Wonderful capture of Tiago’s full show debut as Orpheus! Shot around heads. Act 1 uses external audio.",,2025-07-29,,,"Never Gift",Unrestricted,Bootleg,,"MP4 - 9.44 GB",,"Full Show","Lyric Theatre","London, United Kingdom",2026-09-08,https://encora.it/recordings/2017778/
Audio,Hadestown,Broadway,"September 10, 2026",Evening,bobbyskazoo,"Kayko (Orpheus), KC Dela Cruz (u/s Eurydice), Amber Iman (Persephone), Ben Davis (Hades), Norbert Leo Butz (Hermes), Kelly Belarmino (Fate), Tara Jackson (s/w Fate), Khori Michelle Petinaud (Fate), Emily Afton (Worker), Malcolm Armwood (Worker), Jeffrey Cornelius (Worker), Alex Puette (Worker), Grace Yoo (Worker)","<p>Clear audio recorded from the front row; includes We Raise Our Cups and playout.</p><p><br> </p><p>Do not post on any platform (TikTok, Tumblr, YouTube, Reddit, etc.). Please list as bobbyskazoo’s master. Feel free to trade as normal; never to be gifted or sold.</p>",,,,NFS,"Never Gift",Unrestricted,Bootleg,"M4A (untracked) - 389.9 MB","M4A (untracked) - 389.9 MB",,"Full Show","Walter Kerr Theatre","New York, NY",2026-09-13,https://encora.it/recordings/2039155/
Video,"Harry Potter and the Cursed Child","San Francisco","September 11, 2022",Evening,bikinibottomday,"John Skelley (Harry Potter), Benjamin Papac (Albus Severus Potter), Jon Steiger (Scorpius Malfoy), Steve O'Connell (Ron Weasley), Ebony Blake (u/s Hermione Granger), Abbi Hawk (Ginny Potter), Lucas Hall (Draco Malfoy), Folami Williams (Rose Granger-Weasley/Young Hermione), Brittany Zeinstra (Delphi Diggory), Irving Dyson Jr. (Craig Bowker Jr.), Kita Grayson (u/s Moaning Myrtle/u/s Lily Potter Sr./u/s Polly Chapman/u/s Fleur Delacour), Geoffrey Wade (Severus Snape/Lord Voldemort), Logan James Hall (Sorting Hat/Bane), Joey LaBrasca (Yann Fredericks/Young Harry Potter), Eleasha Gamble (Madam Hooch), Shannon Cochran (Dolores Umbridge/Professor McGonagall), Charles Janasz (Amos Diggory/Albus Dumbledore), Lauren Zakrin (Trolley Witch), William Bednar-Carter (Cedric Diggory/James Potter Jr./James Potter Sr.), Tuck Sweeney (Karl Jenkins/Viktor Krum), Joel Leffert (Station Master), Christian Pedersen (Professor Mazoni), Jamyl Dobson (V World General), Nathan Hosner (Ministry Official), Paul Thornley (Voice of Ludo Bagman), Chris Jarman (Voice of Phone Box), John Alix (Ensemble), Chance Marshaun Hill (Ensemble), Timothy W. Hull (Ensemble), Nick Hyland (Ensemble), Chanté Odom (Ensemble), Elise Southwick (Ensemble)",,"Great 4K capture of the final performance of this production. Minor bar obstruction at the bottom, but almost never blocks off any action. There are two brief blackouts in Act One, at Harry's entrance in the beginning and at the beginning of the Ministry of Magic scene. Wandering and unfocusing are present. Includes curtain call and the brief closing speech, audio is fed from external source.",2023-07-02,,,"Never Gift",Unrestricted,Bootleg,"MP4 (4K) - 19.27 GB","MP4 - 19.27 GB",,"Full Show","Curran Theatre","San Francisco, CA",2026-09-16,https://encora.it/recordings/1139456/
Video,"Hazbin Hotel - Live on Broadway",Broadway,"October 20, 2025",Evening,,"Jessica Vosk (Lute), Erika Henningsen (Charlie Morningstar), Jeremy Jordan (Lucifer Morningstar), Kimiko Glenn (Niffty), Amir Talai (Alastor), Stephanie Beatriz (Vaggie), Christian Borle (Vox), Krystina Alabado (Cherri Bomb), Blake Roman (Angel Dust)",,,,,NFS,"Gift at your Discretion",Unrestricted,Pro-Shot,,"MKV (1080p) - 3.25 GB | MKV (2160p) - 4.74 GB",,"Full Show","Majestic Theatre","New York, NY",2026-09-04,https://encora.it/recordings/2024516/
Video,"Heathers: The Musical","First Off-Broadway Revival","July, 2025 (2)",Unknown,StarCuffedJeans,"Lorna Courtney (Veronica Sawyer), Casey Likes (Jason ""J.D."" Dean), McKenzie Kurtz (Heather Chandler), Olivia Elease Hardy (Heather Duke), Elizabeth Teeter (Heather McNamara), James Caleb Grice (u/s Ram Sweeney), Cade Ostermeyer (Kurt Kelly), Erin L. Morton (Martha Dunnstock), Kerry Butler (Ms. Fleming/Veronica's Mom), Ben Davis (Ram's Dad/Big Bud Dean/Coach Ripper), Cameron Loyal (Kurt's Dad/Veronica's Dad/Principal Gowan), Brian Martin (Preppy Stud/Officer Milner), Devin Lewis (Hipster Dork), Cecilia Trippiedi (New Wave Party Girl), Syd Sider (Stoner Chick), Kiara Lee (Young Republicanette), Louis Griffin (s/w Fresh Prince of Ohio/s/w Officer McCord)","james' ram debut, act one gets blurry when zoomed out too much but this is quickly corrected","Watermarked version is circulating more than the non-watermarked due to a leak. Check with traders for their files! Louis was on for James's track of Belaguered Geek.",2026-01-01,,,"Never Gift",Unrestricted,Bootleg,"MP4 (1080p) - 5.87 GB (02:03:36)","MP4 - 5.87 GB - Watermarked ver.",,"Full Show","New World Stages - Stage 1","New York, NY",2026-09-01,https://encora.it/recordings/2017468/
Video,"Heathers: The Musical","West End","November 24, 2018",Evening,NYCG8R,"Carrie Hope Fletcher (Veronica Sawyer), Jamie Muscato (Jason ""J.D."" Dean), Jodie Steele (Heather Chandler), T'Shan Williams (Heather Duke), Sophie Isaacs (Heather McNamara), Dominic Andersen (Ram Sweeney), Christopher Chung (Kurt Kelly), Jenny O'Leary (Martha Dunnstock), Amy Booth-Steel (Ms. Fleming/Veronica's Mom), Nathan Amzi (Ram's Dad/Big Bud Dean/Coach Ripper), Brandon Lee Sears (u/s Kurt's Dad/u/s Veronica's Dad/u/s Principal Gowan), Alex James-Hatton (Beleaguered Geek/Officer Milner), Jhon Lumsden (Hipster Dork/u/s Officer McCord), Lauren Drew (New Wave Party Girl), Charlotte Jaconelli (Stoner Chick), Olivia Moore (Young Republicanette), Merryl Ansah (Drama Club Drama Queen)",,"Closing night. A couple heads at the bottom of the screen that obstruct a bit but are shot around when action is downstage.",2019-03-15,,,"Gift at your Discretion",Unrestricted,Bootleg,,"VOB + smalls - 4.22 GB",,"Full Show","Theatre Royal Haymarket","London, United Kingdom",2026-08-05,https://encora.it/recordings/7832/
Video,"Hedwig and the Angry Inch",Broadway,"April, 2015",Evening,,"John Cameron Mitchell (Hedwig), Rebecca Naomi Jones (Yitzhak), Justin Craig (Skszp), Peter Yanowitz (Schlatko), Tim Mislock (Krzyzhtoff), Matt Duncan (Jacek)",,"Multi-camera pro-shot of some of John's last performances and some of Rebecca's first performances, filmed over three days (April 24-26, 2015). This is a “Crate Show” (a performance with altered blocking and choreography to accommodate for John recovering from a knee injury), originally leaked to YouTube in low quality with a watermark on the bottom right corner. Finally officially uploaded in 1080p by John Cameron Mitchell to their Patreon in August 2026.

Commonly circulating watermarked YouTube rip has a file size of 349.4 MB, while the 1080p Patreon rip is 3.47 GB. The first screenshot shows the low quality watermarked version, while the other screenshots are of the 1080p Patreon rip.",,,,"Gift at your Discretion",Unrestricted,Pro-Shot,"360p Watermarked MP4 (349.4 MB) / 1080p Patreon MP4 (3.47 GB)","MP4 - 3.47 GB",,"Full Show","Belasco Theatre","New York, NY",2026-09-05,https://encora.it/recordings/34274/
Video,"Hello, Dolly!","Third West End Revival","July, 2024",Unknown,Jagweed,"Imelda Staunton (Dolly Gallagher Levi), Andy Nyman (Horace Vandergelder), Jenna Russell (Irene Molloy), Harry Hepple (Cornelius Hackl), Tyrone Huntley (Barnaby Tucker), Emily Lane (Minnie Fay), Emily Langham (Ermengarde/Ensemble), Michael Lin (Ambrose Kemper/Ensemble), Jodie Jacobs (Ernestina/Ensemble), Shirley Jameson (Mrs. Rose/Ensemble), Kraig Thornber (Judge/Ensemble), Matt Overfield (Stanley/Ensemble), Craig Armstrong (Manny/Ensemble), Phil Snowden (Danny/Ensemble), Paul Kemble (Rudy/Ensemble), Alan Bradshaw (Louie/Ensemble), Jabari Braham (Harry/Ensemble), Tom Partridge (Harry/Ensemble), Liam Wrate (Hank/Ensemble), Leo Abad (Ensemble), Lindsay Atherton (Ensemble), Gemma Atkins (Ensemble), Kevin Brewis (Ensemble), Samara Casteallo (Ensemble), Brendan Cull (Ensemble), Jacqueline Hughes (Ensemble), Ashlee Irish (Ensemble), Amira Matthews (Ensemble), Laura Medforth (Ensemble), Wendy-Lee Purdy (Ensemble), Gavin Wilkinson (Ensemble), Edwin Ray (Ensemble), Hayley Diamond (Ensemble), Olly Christopher (Ensemble), Daisy Boyles (Ensemble), Jenni Bowden (Ensemble)","Pretty much a perfect capture of this revival. A handful of focus issues throughout that last only several seconds. Recording includes the curtain call and marquee.",,2025-08-30,,NFS,"Never Gift",Unrestricted,Bootleg,"MP4 (9.8GB)","MP4 - 9.85 GB",,"Full Show","London Palladium","London, United Kingdom",2026-08-21,https://encora.it/recordings/2010129/
Video,"Hello, Dolly!","Fourth Broadway Revival","March 4, 2018",Matinee,NYCG8R,"Bernadette Peters (Dolly Gallagher Levi), Victor Garber (Horace Vandergelder), Kate Baldwin (Irene Molloy), Christian Dante White (u/s Cornelius Hackl), Charlie Stemp (Barnaby Tucker), Molly Griggs (Minnie Fay), Melanie Moore (Ermengarde), Will Burton (Ambrose Kemper), Jennifer Simard (Ernestina)",,"Great clear HD video with excellent picture and sound throughout; very nice video with closeups. A",,,,"Gift at your Discretion",Unrestricted,Bootleg,,"VOB+smalls - 4.22 GB",,"Full Show","Shubert Theatre","New York, NY",2026-08-26,https://encora.it/recordings/6072/
Video,Hercules,"West End","June, 2025",Unknown,hitmewithyourbethshot,"Luke Brady (Hercules), Mae Ann Jorolan (Meg), Candace Furbert (Thalia), Stephen Carlile (Hades), Malinda Parris (Calliope), Joel Benjamin (Zeus), Robyn Rose (Terpsichore), Ellie Mitchell (Hera), Sharlene Hector (Clio), Trevor Dion Nicholas (Phil), Brianna Ogunbawo (Melpomene), Saffi Needham (Despina), Craig Gallivan (Bob), Lee Zarrett (Charles)","Shot around heads",,2025-11-21,,,"Gift at your Discretion",Unrestricted,Bootleg,MTS,"MTS (in 3 parts) - 9.49 GB",,"Full Show","Theatre Royal Drury Lane","London, United Kingdom",2026-08-06,https://encora.it/recordings/2016026/
Video,"Holiday Inn",Broadway,"January 14, 2017",Evening,,"Bryce Pinkham (Jim Hardy), Corbin Bleu (Ted Hanover), Lora Lee Gayer (Linda Mason), Megan Lawrence (Louise), Megan Sikora (Lila Dixon), Danny Rutigliano (Danny), Malik Akil (Ensemble), Will Burton (Ensemble), Barry Busby (Ensemble), Darien Crago (Ensemble), Caley Crawford (Ensemble), Jenifer Foote (Ensemble), Morgan Gao (Ensemble), Matt Meigs (Ensemble), Shina Ann Morris (Ensemble), Drew Redington (Ensemble), Catherine Ricafort (Ensemble), Amanda Rose (Ensemble), Jonalyn Saxer (Ensemble), Parker Slaybaugh (Ensemble), Samantha Sturm (Ensemble), Amy Van Norstrand (Ensemble), Travis Ward-Osborne (Ensemble), Paige Williams (Ensemble), Victor Wisehart (Ensemble), Kevin Worley (Ensemble), Borris York (Ensemble)",,"Proshot. Ripped from livestream",,,,"Gift at your Discretion",Unrestricted,Pro-Shot,,"MP4 - 4.61 GB",,"Full Show","Studio 54","New York, NY",2026-09-16,https://encora.it/recordings/1102/
Video,"The Hunchback of Notre Dame (Disney)","La Jolla Playhouse","November 9, 2014",Evening,"SJ Bernly","Michael Arden (Quasimodo), Ciara Renée (Esmeralda), Patrick Page (Claude Frollo), Andrew Samonsky (Captain Phoebus de Martin), Erik Liberman (Clopin Trouillefou), Ian Patrick Gibb (Lt. Frederic Charlus), Lucas Coleman (Jehan Frollo), Samantha Massell (Florika), Neal Mayer (Saint Aphrodisius), Richard Ruiz (King Louis XI), William Michals (Father Dupin), Beth Kirkpatrick (Madam)",,"A great capture of the American premiere at La Jolla Playhouse. The incredibly talented cast delivers the score beautifully. Michael and Ciara both give powerhouse performances. This is a perfect capture with no blackouts, no obstruction, and just slight washout in some wide shots. It's filmed in 16:9, with a mix of wides, mediums, and close-ups. The sound is excellent. Includes curtain call and playbill scans. Most copies currently circulating have a glitch in the smalls. The higher quality copy known to be circulating is the VOBs + Smalls version that is 7.51 GB.",,,,"Gift at your Discretion",Unrestricted,Bootleg,,"VOB+smalls - 7.51 GB",,"Full Show","La Jolla Playhouse","San Diego, CA",2026-09-04,https://encora.it/recordings/440/
Video,"The Hunchback of Notre Dame (Disney)","Paper Mill Playhouse","April 5, 2015",Evening,Unknown,"Michael Arden (Quasimodo), Ciara Renée (Esmeralda), Patrick Page (Claude Frollo), Andrew Samonsky (Captain Phoebus de Martin), Erik Liberman (Clopin Trouillefou), Jeremy Stolle (Jehan Frollo), Neal Mayer (Saint Aphrodisius)",,"Multiple files are circulating, including MPGs (7 files, 12.86 GB), an MP4 (3.37 GB or 8.19 GB), and VOBs/smalls (7.39 GB). Of these, the MPGs are the best quality and the VOBs the worst.",,,,"Gift at your Discretion",Unrestricted,Bootleg,"MPG (7 files), 12.86 GB","MPGs (7 files) - 12.86 GB",,"Full Show","Paper Mill Playhouse","Millburn, NJ",2026-09-12,https://encora.it/recordings/5120/
Video,"Into the Woods","Shakespeare In The Park","July 29, 2012",Evening,SunsetBlvd79,"Donna Murphy (Witch), Denis O'Hare (Baker), Amy Adams (Baker's Wife), Jessie Mueller (Cinderella), Sarah Stiles (Little Red Riding Hood), Gideon Glick (Jack), Ivan Hernandez (Wolf/Cinderella's Prince), Eric R. Williams (u/s Rapunzel's Prince), Jack Broderick (Narrator), Chip Zien (Mysterious Man/Cinderella's Father), Kristine Zbornik (Jack's Mother), Ellen Harvey (Cinderella's Stepmother), Josh Lamon (Steward), Tess Soltau (Rapunzel), Glenn Close (Giant's Voice)",,"Great HD capture of the much hyped Shakespeare in the Park Production. Beautifully thought out and executed production with a few flubs and bloopers that are hilarious. Donna and Amy were just sensational! A-. Complete file should have both title screens and chapter menus for each disc (8.06 GB).",,,,"Gift at your Discretion",Unrestricted,Bootleg,"VOB with smalls, 8.06 GB","VOB+(incomplete) smalls - 8.05 GB",,"Full Show","Delacorte Theatre - Central Park","New York, NY",2026-09-11,https://encora.it/recordings/458/
Video,"Into the Woods","Second Broadway Revival","June 28, 2022",Evening,juniper47,"Patina Miller (Witch), Brian d'Arcy James (Baker), Sara Bareilles (Baker's Wife), Phillipa Soo (Cinderella), Julia Lester (Little Red Riding Hood), Cole Thompson (Jack), Gavin Creel (Wolf/Cinderella's Prince), Joshua Henry (Rapunzel's Prince), David Patrick Kelly (Narrator/Mysterious Man), Aymee Garcia (Jack's Mother), Nancy Opel (Cinderella's Stepmother), Brooke Ishibashi (Florinda), Ta'Nika Gibson (Lucinda), Albert Guerzon (Cinderella's Father), David Turner (Steward), Alysia Velez (Rapunzel), Annie Golden (Granny/Cinderella's Mother/Giant's Voice), Kennedy Kanagawa (Milky White)","Filmed in 4K, released in 1080p and 4K. The very first preview of the Broadway transfer from Encores! earlier in the year. LOTS of cheers and screaming and laughter from fans excited about this production moving to Broadway. A fair amount of obstruction from heads that is worked around as best as possible.",,2023-05-27,,NFS,"Gift at your Discretion",Unrestricted,Bootleg,"MP4 (1080p) & MP4 (4K)","MP4 - 8.41 GB",,"Full Show","St. James Theatre","New York, NY",2026-08-02,https://encora.it/recordings/1137476/
Video,"Into the Woods",Encores!,"May, 2022 (4)",Unknown,juniper47,"Heather Headley (Witch), Neil Patrick Harris (Baker), Sara Bareilles (Baker's Wife), Denée Benton (Cinderella), Julia Lester (Little Red Riding Hood), Cole Thompson (Jack), Gavin Creel (Wolf/Cinderella's Prince), Jordan Donica (Rapunzel's Prince), David Patrick Kelly (Narrator/Mysterious Man), Ann Harada (Jack's Mother), Lauren Mitchell (Cinderella's Stepmother), Brooke Ishibashi (Florinda), Ta'Nika Gibson (Lucinda), Albert Guerzon (Cinderella's Father), David Turner (Steward), Shereen Pimentel (Rapunzel), Annie Golden (Granny/Cinderella's Mother/Giant's Voice), Kennedy Kanagawa (Milky White)",,"Closing performance. This is arguably the best of the four. 4K and 1080p, from right mezzanine. Very steady filming. Almost no obstructions—minimal heads in house-right side on widest shots. About 1-minute dropout during Finale when house lights come up. Includes curtain call. Funny mishap when Denée's slipper flew into the audience, causing her to break while Sara went to retrieve it. NPH and Gavin Creel were a little extra goofy, too.",2023-01-15,,NFS,"Gift at your Discretion",Unrestricted,Bootleg,"MP4 (4K) and MP4 (HD)","MP4 (HD) - 8.87 GB",,"Full Show","New York City Center - Mainstage","New York, NY",2026-08-26,https://encora.it/recordings/1125553/
Video,"Jack Wolfe In Concert","54 Below","November 16, 2024",Evening,ren598,"Jack Wolfe (Performer), Caissie Levy (g/p Performer), Veronika Slowikowska (g/p Performer)",,,,,,"Never Gift",Unrestricted,Bootleg,,"MP4 (tracked, 12 files) - 1.49 GB total",,"Full Show","54 Below","New York, NY",2026-08-20,https://encora.it/recordings/2021731/
Video,"Jack Wolfe In Concert","54 Below","November 3, 2024",Evening,angelofmusicishere,"Jack Wolfe (Performer), Allison Young (g/p Performer)",,,,,,"Gift at your Discretion",Unrestricted,Bootleg,MP4,"MP4 - 5.43 GB",,"Full Show","54 Below","New York, NY",2026-09-16,https://encora.it/recordings/2010838/
Video,"Jamie Muscato in Concert","UR Live","October 23, 2020",Unknown,,"Jamie Muscato (Performer), Jo Cichonska (Piano Accompanist)",,"Paid concert event filmed without an audience and streamed on demand. Includes: Dont Do Sadness/Blue Wind, Dear Theodosia, Shes Always A Woman, Freeze Your Brain, Waving Through A Window, Lilac Wine, Free Fallin, I Love Your Smile, How Deep Is Your Love, Maria, plus a few others. Video was ripped from the stream in the highest quality and includes added chapters for navigation.",,,,"Gift at your Discretion",Unrestricted,Pro-Shot,,"MP4 - 407.6 MB",,"Full Show",,,2026-09-12,https://encora.it/recordings/1123604/
Video,"Jesus Christ Superstar","Hollywood Bowl","August, 2025",Evening,MTTZ,"Cynthia Erivo (Jesus Christ), Adam Lambert (Judas Iscariot), Phillipa Soo (Mary Magdalene), Raúl Esparza (Pontius Pilate), Zachary James (Caiaphas), Brian Justin Crum (Annas), Milo Manheim (Peter), Tyrone Huntley (Simon Zealotes), John Stamos (e/c King Herod), John E. Lucas (Priest/Ensemble), Brad Sharp (Priest/Apostle/Ensemble), LJ Benet (Apostle/Ensemble), Ian Ward (Apostle/Ensemble), Oyoyo Joi (Apostle/Soul Singer/Ensemble), Krystle Rose Simmons (Apostle/Soul Singer/Ensemble), Emily Goglia (Maid By The Fire/Ensemble), Summer Greer (Soul Singer/Ensemble), Sara Gomez (Pit Singer), Ayana Haviv (Pit Singer), Gracie Laboy (Pit Singer), Mariah Meshae (Pit Singer), Natalie Babbitt Taylor (Pit Singer), Suzanne Waters (Pit Singer), Isaiah Bailey (Ensemble), Damian Caraballo (Ensemble), Cooper Clack (Ensemble), Jennifer Florentino (Ensemble), Christopher Hernandez (Ensemble), Juliet Johnson (Ensemble), John Krause (Ensemble), Brandon Leffler (Ensemble), Nathan Madden (Ensemble), Morgan Marcell (Ensemble), L.T. Martinez (Ensemble), Clinton Roane (Ensemble), Joey Taranto (Ensemble)","Great capture of this insane production! Shot in a great mix of wides, mediums, and close-ups; the screens are never filmed, it’s always the actual stage. Two standing ovations, one after Gethsemane lasting 2 minutes and one after Superstar lasting a minute. Increased wandering, shaking, and re-adjusting throughout. Includes bows and appearance from ALW. External audio is patched in from Steponmeshoeman. This performance was also filmed by QuoxWoodTrees and Ostarion. Overall a great capture of this wonderful cast!",,2026-01-05,,,"Gift at your Discretion",Unrestricted,Bootleg,"4K MP4 (7.24 GB)","MP4 - 7.24 GB",,"Full Show","Hollywood Bowl","Los Angeles, CA",2026-09-12,https://encora.it/recordings/2018306/
Video,"John Proctor is the Villain",Broadway,"April, 2025",Unknown,MTTZ,"Sadie Sink (Shelby Holcomb), Gabriel Ebert (Carter Smith), Maggie Kuntz (Ivy Watkins), Amalia Yoo (Raelynn Nix), Morgan Scott (Nell Shaw), Fina Strazza (Beth Powell), Molly Griggs (Bailey Gallagher), Nihar Duvvuri (Mason Adams), Hagan Oliveras (Lee Turner)","Excellent capture of this incredible new play! Shot in a great mix of wides, mediums, and close-ups; more wides than usual due to the staging and lighting of the play. Audio is patched in from an external source. A few brief dropouts. Some increased wandering, shaking, and re-adjusting throughout. Overall an excellent capture of this amazing new play. ",,2025-11-05,,,"Gift at your Discretion",Unrestricted,Bootleg,,"MP4 - 7.79 GB",,"Full Show","Booth Theatre","New York, NY",2026-09-05,https://encora.it/recordings/2013310/
Video,"& Juliet",Broadway,"November, 2022",Unknown,Lasagna,"Lorna Courtney (Juliet), Betsy Wolfe (Anne Hathaway), Stark Sands (William Shakespeare), Daniel J. Maldonado (u/s Romeo), Philippe Arroyo (Francois), Justin David Sullivan (May), Melanie La Barrie (Nurse ""Angelique""), Paulo Szot (Lance), Veronica Otim (Lady Capulet/Nell), Nicholas Edwards (Lord Capulet/Sly), Tiernan Tunnicliffe (Benvolio/Eleanor), Virgil Gadson (Augustine), Matt Raffy (Gregory), Joe Moeller (Henry), Jasmine Rafael (Imogen), Rachel Webb (Judith), Joomin Hwang (Kempe), Megan Kane (Lucy), Bobby ""Pocket"" Horner (Rumour), Michael Iván Carrier (s/w Thomas)",,"Near-perfect capture of the original Broadway cast in their last week of previews! Very minor obstruction from a railing only visible in extreme wide shots.",2023-12-29,,,"Gift at your Discretion",Unrestricted,Bootleg,"MP4 (4K)","MP4 - 9.17 GB",,"Full Show","Stephen Sondheim Theatre","New York, NY",2026-09-13,https://encora.it/recordings/1135037/
Video,"Just In Time",Broadway,"April, 2025",Unknown,MTTZ,"Jonathan Groff (Bobby Darin), Gracie Lawrence (Connie Francis), Erika Henningsen (Sandra Dee), Michele Pawk (Polly Walden), Emily Bergl (Nina Cassotto/Mary Douvan/Others), Joe Barbara (Charlie Maffia/Steve Blauner/Others), Caesar Samayoa (Don Kirshner/Giorgio/Angelo/Others), Lance Roberts (Murray the K/Ahmet Ertegun/Others), Christine Cornish (Siren/Others), Julia Grondin (Siren/Others), Valeria Yamin (Siren/Others)","Excellent capture of this new musical in early previews! Shot in a great mix of wides, mediums, and close-ups. Some wandering, shaking, and re-adjusting throughout. A couple of brief dropouts. A few moments of brief obstruction in act 2 that don't block any major action. Audio is patched in from an external source. Overall an excellent capture of this Jonathan Groff star vehicle.",,2025-10-05,,,"Gift at your Discretion",Unrestricted,Bootleg,"MP4 (4K) - 8.7 GB","MP4 - 8.7 GB",,"Full Show","Circle In The Square Theatre","New York, NY",2026-07-30,https://encora.it/recordings/2012257/
Video,"Kathy and Stella Solve a Murder","West End","August, 2024",Evening,MTTZ,"Bronté Barbé (Kathy), Rebekah Hinds (Stella), Hannah Jane Fox (Felicia), Imelda Warren-Green (Erica), Elliot Broadfoot (Justin), Ben Redfern (David), Sorelle Marsh (s/w Detective Inspector Sue Shaw)","Excellent capture of this fringe comedy that ended up being one of the best things I saw on my London trip. Some occasional minor obstruction on the bottom right of the screen that doesn't block any action. Shot in a great mix of wides, mediums, and close-ups, though more medium and wide here due to the staging of the piece. Some wandering, shaking, and re-adjusting throughout. A couple of brief dropouts. Overall an excellent capture of this hilarious musical. If you hear me sneeze really loudly at one point, no you don't.",,2025-02-05,,,"Gift at your Discretion",Unrestricted,Bootleg,,"MP4 - 8.92 GB",,"Full Show","The Ambassadors Theatre","London, United Kingdom",2026-09-14,https://encora.it/recordings/2004039/
Video,"Kimberly Akimbo","First US National Tour","January, 2025",Unknown,MTTZ,"Carolee Carmello (Kimberly), Miguel Gil (Seth), Laura Woyasz (Pattie), Jim Hogan (Buddy), Emily Koch (Debra), Darron Hayes (Martin), Skye Alyssa Friedman (Teresa), Grace Capeless (Delia), Pierce Wheeler (Aaron)","Excellent capture of this ever-wonderful tour with Wicked alum Laura Woyasz joining the cast! Shot in a great mix of wides, mediums, and close-ups. Some wandering, shaking, and re-adjusting throughout. A couple of brief dropouts. Audio is patched in from an external source; some minor scratching and rustling can be heard throughout. Overall an incredible capture of this beautiful show. ",,2025-08-05,,,"Gift at your Discretion",Unrestricted,Bootleg,,"MP4 - 9.04 GB",,"Full Show",,,2026-08-20,https://encora.it/recordings/2010434/
Video,"The King and I","Fourth West End Revival","November 29, 2018",Evening,,"Kelli O'Hara (Anna Leonowens), Ken Watanabe (King of Siam), Billy Marlow (Louis Leonowens), Ruthie Ann Miles (Lady Thiang), 전나영 Na-Young Jeon (Tuptim), Dean John-Wilson (Lun Tha), Jon Chew (Prince Chualongkorn), Edward Baker-Duly (Sir Edward Ramsey/Captain Orton), Takao Osawa (Kralahome), William Mychael Lee (Phra Alack)",,"Ruthie uses a walking stick throughout to aid her recovery from a previous car accident and loss of her two children. She gives an amazing performance.",,,,"Gift at your Discretion",Unrestricted,Pro-Shot,,"MKV - 10.92 GB (1080p) | MP4 - 2.89 GB (720p)",,"Full Show","London Palladium","London, United Kingdom",2026-09-01,https://encora.it/recordings/8195/
Video,"The King and I","Fourth Broadway Revival","June 18, 2016",Matinee,"SJ Bernly","Marin Mazzie (Anna Leonowens), Daniel Dae Kim (King of Siam), Nicky Torchia (Louis Leonowens), Ruthie Ann Miles (Lady Thiang), Ashley Park (Tuptim), Conrad Ricamora (Lun Tha), Jon Viktor Corpuz (Prince Chualongkorn), Edward Baker-Duly (Sir Edward Ramsey), Rocco Sisto (Captain Orton), Paul Nakauchi (Kralahome), Marc Oka (Phra Alack), Christie Kim (Princess Ying Yaowalak), Xiaochuan Xie (Eliza), Lamae Caparas (Uncle Thomas), Michiko Takemasa (Little Eva), Kei Tsuruharatani (George/Angel), Julius Sermonia (Simon of Legree), Mindy Lai (Topsy), Hsin-Ping Chang (Archer), Kelli Youngman (Archer), Emilio Ramos (Dog), Bennyroyce Royon (Dog), Paul Heesang Miller (Propman), Koh Mochizuki (Propman), Brian Rivera (Propman), Andrew Cheng (Guard), Rommel Pierre O'Choa (Guard), Hana Colley (Fan Dancer), Arisa Odaka (Fan Dancer), Atsuhisa Shinomiya (Royal Court Dancer), Erica Wong (Royal Court Dancer), Olivia Chun (Royal Child), Avery Oliver Espiritu (Royal Child), Bonale Fambrini (Royal Child), Aidan Fong (Royal Child), James Ignacio (Royal Child), Jim Kaplan (Royal Child), Kasey Youme Lee (Royal Child), Kitana Rojanatavorn (Royal Child), Timothy Yang (Royal Child), Maryann Hu (Ensemble), Misa Iwama (Ensemble), Q Lim (Ensemble), Ann Sanders (Ensemble), Alicia Shumway (Ensemble)",,"In honor of The King and I closing, here is a nice capture of the final cast from the week before it closed. Marin and Daniel are wonderful; Marin’s voice soars, Daniel has great comedic timing, and they have a nice chemistry together. The show is as strong as ever. There is no major obstruction, just a couple heads that can occasionally be seen but don’t block the action. There are a couple quick dropouts, but no major blackouts. There is some slight washout in a few of the wider shots. It’s filmed in 16:9, with a mix of wides, mediums, and close-ups. The sound is excellent. Includes curtain call and playbill scans.",,,,"Gift at your Discretion",Unrestricted,Bootleg,,"VOB+smalls - 8.22 GB",,"Full Show","Vivian Beaumont Theatre","New York, NY",2026-09-14,https://encora.it/recordings/1757/
Video,"The King and I","Fourth Broadway Revival","March 28, 2015",Matinee,NYCG8R,"Kelli O'Hara (Anna Leonowens), Ken Watanabe (King of Siam), Jake Lucas (Louis Leonowens), Ruthie Ann Miles (Lady Thiang), Ashley Park (Tuptim), Conrad Ricamora (Lun Tha), Jon Viktor Corpuz (Prince Chualongkorn), Edward Baker-Duly (Sir Edward Ramsey), Murphy Guyer (Captain Orton), Paul Nakauchi (Kralahome)",,"Excellent HD video filmed from center mezzanine with very clear picture, very nice close-ups and good clear sound.",,,,"Gift at your Discretion",Unrestricted,Bootleg,,"VOB+smalls - 4.22 GB",,"Full Show","Vivian Beaumont Theatre","New York, NY",2026-09-14,https://encora.it/recordings/6343/
Video,"Kinky Boots",Broadway,"March 3, 2013",Evening,SunsetBlvd79,"Billy Porter (Lola), Stark Sands (Charlie Price), Annaleigh Ashford (Lauren), Daniel Stewart Sherman (Don), Marcus Neville (George)",,"Great HD capture of the first show on Broadway. A few changes here and there from the Pre-Broadway version, that work for the better! Tons of response and excitement from the audience since it was the first showing. A-",,,,"Gift at your Discretion",Unrestricted,Bootleg,,"VOB+smalls - 7.18 GB",,"Full Show","Al Hirschfeld Theatre","New York, NY",2026-08-06,https://encora.it/recordings/464/
Video,"Kiss Me, Kate","Barbican Theatre","September, 2024",Unknown,,"Stephanie J. Block (Lilli Vanessi), Adrian Dunbar (Fred Graham), Charlie Stemp (Bill Calhoun), Josie Benson (Hattie), Georgina Onuorah (Lois Lane), Jack Butterworth (Paul), Peter Davison (Harrison Howell), Jude Owusu (Harry Trevor/Baptista), Gary Milner (Ralph), Jordan Crouch (Gremio), Carl Au (Hortensio), Nigel Lindsay (Gangster), Hammed Animashaun (Gangster), James Hume (Pops), Alisha Capon (Ensemble), Shani Cantor (Ensemble), Maya De Faria (Ensemble), Amelia Kinu Muus (Ensemble), Jacqui Jameson (Ensemble), Lucas Koch (Ensemble), Alex Lodge (Ensemble), Nell Martin (Ensemble), Anna McGarahan (Ensemble), John Stacey (Ensemble), Harrison Wilde (Ensemble)",,"Cole Porter, and Sam and Bella Spewack’s smash hit musical loosely based on Shakespeare’s The Taming of the Shrew. The 2024 London revival directed by Bartlett Sher and starring Stephanie J. Block and Adrian Dunbar was filmed live during its run at the Barbican and released in cinemas in the U.S., U.K., Ireland, Australia, and selected territories in November 2024. Aired on PBS May 30, 2025.",,,NFS,"Gift at your Discretion",Unrestricted,Pro-Shot,"MP4 1080p (5.29gb). MKV with embedded subtitles 1080p (5.29gb).","MP4 - 5.30 GB",,"Full Show","Barbican Centre","London, United Kingdom",2026-09-01,https://encora.it/recordings/2015038/
Video,"The Last Five Years","First Off-Broadway Revival","March 10, 2013",Evening,SunsetBlvd79,"Adam Kantor (Jamie Wellerstein), Betsy Wolfe (Cathy Hiatt)",,"Beautiful HD capture of this cult classic show, with no obstructions. Betsy and Adam give flawless performances and such a beautiful show. Betsy has quickly become a new Broadway leading lady with good reason, she is not to be missed!",,,,"Gift at your Discretion",Unrestricted,Bootleg,,"VOB+smalls - 4.10 GB",,"Full Show","Second Stage Theatre","New York, NY",2026-08-26,https://encora.it/recordings/6136/
Video,"The Last Five Years",Off-Broadway,"April 5, 2002",Evening,Unknown,"Norbert Leo Butz (Jamie Wellerstein), Sherie Rene Scott (Cathy Hiatt)",,"Multiple versions are circulating, including 3.31 GB, 3.12 GB, 2.99 GB, and 1.77 GB VOB files. Of these, the 3.31 GB copy has the best video resolution. However, the 2.99 GB and 1.77 GB copies include a few extra seconds of pre-show announcement, suggesting that none of these is the original. The 2.99 GB copy also includes a NY1 performance by Sherie and Jason Robert Brown.",,,,"Gift at your Discretion",Unrestricted,Bootleg,,"VOB+smalls - 3.31 GB",,"Full Show","Minetta Lane Theatre","New York, NY",2026-08-09,https://encora.it/recordings/9049/
Video,"The Last Five Years",Broadway,"June 15, 2025",Evening,bikinibottomday,"Noah Kieserman (s/b Jamie Wellerstein), Nasia Thomas (s/b Cathy Hiatt)","Great 4K capture of this unique standby performance! Increased wandering and unfocusing throughout. Includes curtain call, audio fed from external source.",,2026-03-17,,,"Never Gift",Unrestricted,Bootleg,"4K MP4 (6.54GB)","MP4 - 6.54 GB",,"Full Show","Hudson Theatre","New York, NY",2026-08-09,https://encora.it/recordings/2020916/
Video,"Legally Blonde",Broadway,"September 18, 2007",Evening,,"Laura Bell Bundy (Elle Woods), Christian Borle (Emmett Forrest), Richard H. Blake (Warner Huntington III), Orfeh (Paulette), Kate Shindle (Vivienne Kensington), Nikki Snelson (Brooke Wyndham/Shandi), Michael Rupert (Professor Callahan), Annaleigh Ashford (Margot), Tracy Jai Edwards (Serena), Asmeret Ghebremichael (Pilar), Andy Karl (Kyle/Dewey/Grandmaster Chad), Natalie Joy Johnson (Enid/Veronica), Kate Wetherhead (Kate/Chutney), Kevin Pariseau (Dad/Winthrop/Reporter), Gaelen Gilliland (Mom/Courtney/Whitney), Noah Weisberg (Aaron), Manuel Herrera (Padamadan/Nikos), Amber Efé (Judge/Store Manager), Beth Curry (Gabby/Stenographer), Matthew Risch (Carlos/Lowell), Becky Gulsvig (Leilani), April Berry (Kristine), Michelle Kittrell (Cece/D.A. Joyce Riley), Jason Gillman (Pforzheimer), Paul Canaan (Kiki), Chloe the Dog (Rufus), Chico the Dog (Bruiser), Nick Kenkel (Ensemble), Jason Patrick Sands (Ensemble)",,"MTV Proshot. Broadcast on October 13th and October 14th 2007. Two versions circulate: VOB with smalls and a remastered/upscaled MP4. Check with traders what format they have!",,,,"Gift at your Discretion",Unrestricted,Pro-Shot,,"MKV  - 4.18 GB",,"Full Show","Palace Theatre","New York, NY",2026-08-21,https://encora.it/recordings/1228/
Video,"The Lightning Thief: The Percy Jackson Musical",Broadway,"October, 2019",Unknown,StarCuffedJeans,"Chris McCarrell (Percy Jackson), Kristin Stokes (Annabeth Chase), Jorrel Javier (Grover/Mr. D), James Hayden Rodriguez (Luke), Jalynn Steele (Sally Jackson), Sarah Beth Pfeifer (Clarisse), Ryan Knowles (Chiron)",,"Fantastic HD capture of the Broadway transfer of this show, filmed from the orchestra. The video starts part of the way through the first number. Act Two starts after the bus explodes. Please do not post screenshots of this video on Twitter ever. Gifs on Tumblr are okay after the NFT date, but don't go linking things to actors and shows.",2020-07-15,,,"Gift at your Discretion",Unrestricted,Bootleg,"MP4 (HD)","MP4 - 5.07 GB",,"Full Show","Longacre Theatre","New York, NY",2026-08-20,https://encora.it/recordings/26680/
Video,"Little Shop of Horrors","Off-Broadway Revival","October, 2021",Unknown,StarCuffedJeans,"Jeremy Jordan (Seymour), Chelsea Turbin (u/s Audrey), Christian Borle (Orin/Others), Tom Alan Robbins (Mr. Mushnik), Joy Woods (Chiffon), Aveena Sawyer (Crystal), Salome Smith (Ronnette), Aaron Arnell Harrington (Voice of Audrey II), Teddy Yudain (Audrey II Manipulation/Derelict), Eric Wright (Audrey II Manipulation), Evan Alexander Smith (Audrey II Manipulation)",,,2022-09-01,,,"Gift at your Discretion",Unrestricted,Bootleg,"MP4, 4.47 GB","MP4 - 4.47 GB",,"Full Show","Westside Theatre - Upstairs","New York, NY",2026-08-20,https://encora.it/recordings/1122400/
Video,"Little Shop of Horrors","Off-Broadway Revival","March, 2025",Unknown,MTTZ,"Milo Manheim (Seymour), Elizabeth Gillies (Audrey), Jeremy Kushnier (Orin/Others), Reg Rogers (Mr. Mushnik), Morgan Ashley Bryant (Chiffon), Daria Pilar Redus (Crystal), Hailey Thomas (Ronnette), Major Attaway (Voice of Audrey II), Johnny Newcomb (s/w Ensemble), Christine Wanda (s/w Ensemble)","Solid capture of the new cast of this stunning production! Shot in a great mix of wides, mediums, and close-ups; more wide than usual due to the nature of the staging. Some increased wandering, shaking, and re-adjusting throughout. Audio is patched in from an external source. Two major dropouts due to usher activity; 7 minutes total before/during/after “Feed Me” and the last minute of the show are audio only due to usher activity. Obstruction on the left side and across the bottom that only occasionally blocks action. Overall a solid capture that’s only marred by some obstruction and dropouts.",,2025-10-05,,,"Never Gift",Unrestricted,Bootleg,"MP4 (4K) - 7.41 GB","MP4 - 7.41 GB",,"Full Show","Westside Theatre - Upstairs","New York, NY",2026-09-12,https://encora.it/recordings/2012258/
Video,"Little Shop of Horrors","Off-Broadway Revival","August, 2024",Unknown,TheatreCouple14,"Andrew Barth Feldman (Seymour), Sarah Hyland (Audrey), James Carpinello (Orin/Others), Kevin Del Aguila (Mr. Mushnik), Khadija Sankoh (Chiffon), Camryn Hampton (u/s Crystal), Tiffany Reneé Thompson (Ronnette), Major Attaway (Voice of Audrey II), Teddy Yudain (Derelict)","Excellent wide-shot phone boot from the front right orchestra. Mild obstruction on far left stoop, but only covers up lower bodies for a few moments. One slightly dark scene towards the end of Act II, but otherwise, really nicely shot. Sarah brings a new sexiness and humor to Audrey, and of course, Andrew is born for this role. He's delightful. Khadija continues to be my favorite urchin. Her clutching the cash from the audience had me rolling. Folder includes tracked and untracked audio, video and cast board photo.",,,,,"Gift at your Discretion",Unrestricted,Bootleg,,"MP4 - 6.06 GB",,"Full Show","Westside Theatre - Upstairs","New York, NY",2026-08-20,https://encora.it/recordings/2003404/
Video,"London Road","Second National Theatre Revival","June 18, 2025",Unknown,,"Clare Burt (Jan), James Doherty (Terry), Anna Francolini (Julie), Hal Fowler (Tim), Linzi Hateley (Helen), Nick Holder (Ron), Claire Moore (June), Michael Shaeffer (Alfie), Nicola Sloane (Rosemary), Paul Thornley (Dodge), Duncan Wisbey (Gordon), Thomasin Gülgeç (Hazmat Thom), Jonathan Savage (Hazmat Jon)",,,,,NFS,"Gift at your Discretion",Unrestricted,Pro-Shot,,"MP4 - 2.37 GB",,"Full Show","National Theatre - Olivier Theatre","London, United Kingdom",2026-08-23,https://encora.it/recordings/2035727/
Video,"Lysistrata Jones",Broadway,"November 14, 2011",Evening,NYCG8R,"Patti Murin (Lysistrata Jones), Liz Mikel (Hetaira), Josh Segarra (Michelangelo Jackson), Jason Tam (Xander Lee), Lindsay Nicole Chambers (Robin Smythe), LaQuet Sharnell Pringle (Myrrhine Moore), Alex Wyse (Cinesias Ray), Alexander Aguilar (‘Uardo Cortez), Ato Blankson-Wood (Stratyllis Carter), Katie Boren (Lampito Kanagawa), Kat Nejat (Cleonice Sanchez), Teddy Toye (Harold)",,"Filmed in 16X9 HD Widescreen. Act 1 shot from the balcony so the bar obstructs the bottom of the stage. Act 2 shot from the mezzanine so no stage obstructions at all. Good clear picture and sound.",,,,"Gift at your Discretion",Unrestricted,Bootleg,,"VOB+smalls - 3.78 GB",,"Full Show","Walter Kerr Theatre","New York, NY",2026-08-24,https://encora.it/recordings/420/
Video,"The Magician's Elephant","Royal Shakespeare Company",2021,Unknown,,"Jack Wolfe (Peter Duchene), Rianna Ash (s/w The Elephant), Wela Mbusi (The Elephant), Zoe Halliday (The Elephant), Amy Booth-Steel (The Narrator), Summer Strallen (Countess Quintet), Sharif Afifi (u/s Count Quintet), Lauren Jones (u/s Adele/Young Police Officer), Melissa James (Gloria Matienne), Marc Antolin (Leo Matienne), Forbes Masson (Police Chief), Alastair Parker (Magician), Stephen John Davis (u/s Vilna Lutz), Renu Arora (Madame LaVaughn), Mandi Symonds (Sister Marie), Maya Britto (s/w Lisette), Hannah Brown (Peter's Mother), Matt Bateman (s/w Peter's Father/s/w Doctor), Wendy Somerville (Mrs. Griswald), Michael Carolan (s/w Police Officer/s/w Dance Teacher/s/w Milliner), Chrystine Symone (Young Police Officer/Lamplighter), Lucca Chadwick-Patel (Fishmonger), Alison Arnopp (Baker)",,,,,,"Gift at your Discretion",Unrestricted,Pro-Shot,,"MP4 - 1.41 GB",,"Full Show",,"Stratford-upon-Avon, United Kingdom",2026-08-23,https://encora.it/recordings/2034381/
Video,"Maybe Happy Ending",Broadway,"May 28, 2025",Evening,onehandonmycamera,"Darren Criss (Oliver), Helen J. Shen (Claire), Dez Duron (Gil Brentley), Marcus Choi (James)","Now featuring 95% less obstruction! An excellent capture with hardly any blackouts/obstructions/wandering/etc. ",,2026-01-01,,,"Never Gift",Unrestricted,Bootleg,,"MOV - 11.65 GB",,"Full Show","Belasco Theatre","New York, NY",2026-08-20,https://encora.it/recordings/2015851/
Video,"Maybe Happy Ending",Broadway,"October 16, 2024",Evening,bikinibottomday,"Darren Criss (Oliver), Helen J. Shen (Claire), Dez Duron (Gil Brentley), Marcus Choi (James)","Great 4K capture of this show’s first preview! There is a tech hold an hour in, it is edited out and the video resumes after the show starts up again. A few brief black outs due to late seating, people leaving etc. Video starts about two minutes into the first song. Some wandering / readjustment and unfocusing throughout. Includes audio of pre-show speech by Michael Arden and curtain call, audio is fed from external source. ",,2025-04-17,,,"Never Gift",Unrestricted,Bootleg,"4K MP4 8.96 GB","MP4 - 8.96 GB",,"Full Show","Belasco Theatre","New York, NY",2026-08-21,https://encora.it/recordings/2005652/
Video,"Merrily We Roll Along","First Broadway Revival","June, 2024",Unknown,,"Jonathan Groff (Franklin Shepard), Daniel Radcliffe (Charley Kringas), Lindsay Mendez (Mary Flynn), Krystal Joy Brown (Gussie Carnegie), Katie Rose Clarke (Beth Spencer), Reg Rogers (Joe Josephson), Max Rackenberg (Frank Jr.), Talia Simone Robinson (Meg Kincaid), Natalie Wachen (K.T.), Vishal Vaidya (Jerome), Corey Mach (Tyler), Sherz Aletaha (Mrs. Spencer/Scotty/Auditionee), Jacob Keith Watson (Terry/Mr. Spencer), Leana Rae Concepcion (Claudia/Newscaster/Auditionee), Coby Getzug (Bunker/Photographer/Newscaster), Jamila Sabares-Klemm (Evelyn/Dory/Pianist), Christian Strange (Ru/Reverend), Brianna Stoute (Mimi from Paramount/Make-Up Artist), Brian Sears (Greg from Paramount)",,,,,NFS,"Gift at your Discretion",Unrestricted,Pro-Shot,,"MKV (1080p) - 10 GB",,"Full Show","Hudson Theatre","New York, NY",2026-09-12,https://encora.it/recordings/2027634/
Video,"A Midsummer Night's Dream (Shakespeare)","Bridge Theatre",2019,Unknown,,"Oliver Chris (Oberon/Theseus), Gwendoline Christie (Titania/Hippolyta), Isis Hainsworth (Hermia), Tessa Bonham Jones (Helena), David Moorst (Puck/Philostrate), Kit Young (Lysander), Paul Adeyefa (Demetrius), Kevin McMonagle (Egeus), Jermaine Freeman (Flute), Jamie-Rose Monk (Snug), Ami Metcalf (Snout), Hammed Animashaun (Nick Bottom), Francis Lovehall (Starveling), Jay Webb (Cobweb), Lennin Nelson-McClure (Mustardseed), Charlotte Atkinson (Moth), Felicity Montagu (Quince), Rachel Tolzman (First Fairy), Chipo Kureya (Peaseblossom)",,"Recorded in the Summer of 2019 for National Theatre Live. https://www.imdb.com/title/tt10384514",2020-06-25,,,"Gift at your Discretion",Unrestricted,Pro-Shot,,"MP4 - 3.05 GB",,"Full Show","Bridge Theatre","London, United Kingdom",2026-09-08,https://encora.it/recordings/34731/
Video,"Miscast (Concerts)",2022,"April 4, 2022",Evening,,"Shoshana Bean (Performer), Uzo Aduba (Performer), Myles Frost (Performer), Andrea Martin (Performer), Kelli O'Hara (Performer), J. Harrison Ghee (Performer), Steven Pasquale (Performer), Raúl Esparza (Performer), Tamika Lawrence (Performer), Audra McDonald (Performer), Lea Michele (Performer), Aaron Tveit (Performer)",,"The annual gala, which took place in person April 4 at New York City's Hammerstein Ballroom, streamed on May 22.",,,,"Gift at your Discretion",Unrestricted,Pro-Shot,,"MP4 - 4.88GB total (2.56 GB + 2.32GB Extras)",,"Full Show","Hammerstein Ballroom","New York, NY",2026-09-12,https://encora.it/recordings/1125640/
Video,"Miscast (Concerts)",2023,"April 3, 2023",Evening,,"Ben Platt (Performer), Lorna Courtney (Performer), Joy Woods (Performer), Dylan Mulvaney (Performer), Jose Llana (Performer), NaTasha Yvette Williams (Performer), Jordan E. Cooper (Performer), Rachel Zegler (Performer), Eleri Ward (Performer), LaChanze (Performer), Annaleigh Ashford (Performer), Josh Groban (Performer), Bonnie Milligan (Performer)",,"Some of Broadways brightest stars lit up the Hammerstein Ballroom stage April 3 for MCC Theaters annual Miscast concert. Each year Miscast proves to be one of the industrys favorite events, featuring Broadway stars performing songs from roles in which they might not be traditionally cast. This year, Miscast23 honored Emmy, Grammy, and Tony nominee Vanessa Williams and MCC Youth Company alum Lianny Toval. Running time: 01:17:29",,,,"Gift at your Discretion",Unrestricted,Pro-Shot,"MP4 (1080p) - 2.51 GB","MP4 - 2.51 GB",,"Full Show","Hammerstein Ballroom",,2026-09-14,https://encora.it/recordings/1141431/
Video,"Miscast (Concerts)",2026,"April 27, 2026",Evening,,"Marla Mindelle (Performer), Jessica Vosk (Performer), Brandon Uranowitz (Performer), Sam Tutty (Performer), Tramell Tillman (Performer), Emma Sofia (Performer), Michaela Jaé Rodriguez (Performer), Christiani Pitts (Performer), Leslie Odom Jr. (Performer), Javier Muñoz (Performer), Brian Stokes Mitchell (Performer), LJ Benet (Performer), Ruthie Ann Miles (Performer), Lea Michele (Performer), Caissie Levy (Performer), Jane Krakowski (Performer), Darren Criss (Performer), Nicholas Christopher (Performer), Sara Chase (Performer), Alex Brightman (Performer), Ali Louis Bourzgui (Performer), Nikki M. James (Performer), Shaina Taub (Performer)",,"First streamed on YouTube by MCCTheater on May 12, but was filmed on April 27. The original file is a 1.26 GB MP4 but bloated screen recordings of the livestream also circulate.",,,,"Gift at your Discretion",Unrestricted,Pro-Shot,"MP4 (1.26 GB)","MP4 - 1.26 GB",,"Full Show","Hammerstein Ballroom","New York, NY",2026-09-12,https://encora.it/recordings/2032931/
Video,"Miscast (Concerts)",2025,"April 7, 2025",Evening,,"Cole Escola (Performer), Raúl Esparza (Performer), Jordan Fisher (Performer), Ana Gasteyer (Performer), Megan Hilty (Performer), Nick Jonas (Performer), Kecia Lewis-Evans (Performer), Adam Pascal (Performer), Steven Pasquale (Performer), Nicole Scherzinger (Performer), Helen J. Shen (Performer), Jennifer Simard (Performer), Britton Smith (Performer), Phillipa Soo (Performer), Ephraim Sykes (Performer), Aaron Tveit (Performer), Jordan Tyson (Performer)",,,,,,"Gift On Request",Unrestricted,Pro-Shot,,"MP4 - 1.16 GB",,"Full Show","Hammerstein Ballroom","New York, NY",2026-08-29,https://encora.it/recordings/2012979/
Video,"Miscast (Concerts)",2024,"April 15, 2024",Evening,,"Nicholas Christopher (Performer), Gavin Creel (Performer), Brian d'Arcy James (Performer), Amber Iman (Performer), Mykal Kilgore (Performer), Tamika Lawrence (Performer), Ingrid Michaelson (Performer), Jinkx Monsoon (Performer), Lauren Patten (Performer), Leslie Rodriguez Kritzer (Performer), Lea Salonga (Performer), Ryan Vasquez (Performer), Vanessa Williams (Performer), Joy Woods (Performer), Jason Robert Brown (Performer), Nicole Suazo (Performer), Wayne Brady (Performer)",,,,,NFS,"Gift at your Discretion",Unrestricted,Pro-Shot,,"MP4 - 2.92 GB",,"Full Show",,,2026-09-04,https://encora.it/recordings/1157596/
Video,"Les Misérables","Sixth US National Tour","February 6, 2024",Evening,"Medium Observation","Nick Cartell (Jean Valjean), Steve Czarnecki (u/s Javert), Haley Dortch (Fantine), Delaney Guyer (Cosette), Jake David Smith (Marius), Mya Rena Hunter (Éponine), Matt Crowle (Thénardier), Devin Archer (Enjolras), Victoria Huston-Elem (Madame Thénardier), Henry Kirk (Gavroche), Olivia Grace O'Sullivan (Little Cosette), Kyle Adams (Grantaire), Matt Rosell (u/s Feuilly), Ethan Rogers (Courfeyrac), Andrew Marks Maughan (Combeferre), J.T. Wood (Joly), Kyle Timson (u/s Factory Foreman/u/s Brujon), David Andino (s/b Bamatabois/s/b Babet), Christopher James Tamayo (Montparnasse), Cameron Loyal (Claquesous), Randy Jeter (Lesgles/The Bishop of Digne), Sky Vaux Fuller (Young Éponine), Julia Ellen Richardson (Factory Girl), Juliette Redden (u/s Old Woman), Kelsey Denae (Wigmaker), Mikako Martin (u/s Ensemble), Arianne DiCerbo (Ensemble), Genevieve Ellis (Ensemble), Greta Schaefer (Ensemble), Veronica Stern (Ensemble)",,"Perfect video of this incredible cast. Steve tears the house down as Javert and is near perfect in the role. The video has very little washout and the colors are very pretty. There is some grain when it's very dark, but it's not distracting. Some shakiness throughout.",2024-11-01,,,"Gift at your Discretion",Unrestricted,Bootleg,,"MP4 - 12.52 GB",,"Full Show","Orpheum Theatre","Memphis, TN",2026-09-09,https://encora.it/recordings/1157600/
Video,"Miss Saigon","West End Revival","September 22, 2014",Evening,,"Eva Noblezada (Kim), Alistair Brammer (Chris), Jon Jon Briones (The Engineer), Tamsin Carroll (Ellen), Hugh Maynard (John), Rachelle Ann Go (Gigi), 홍광호 Hong Kwang-ho (Thuy), William Dao (Tam), Paul Benedict Sarte (Tam), Julia Abueva (Ensemble), Denise Baaij (Ensemble), Michael Carolan (Ensemble), Richard Carson (Ensemble), Natalie Chua (Ensemble), Jon-Scott Clark (Ensemble), Jenny Ding (Ensemble), Dale Evans (Ensemble), Callum Evans (Ensemble), Callum Francis (Ensemble), Ashley Gilmour (Ensemble), Maria Graciano (Ensemble), Nathan Graham (Ensemble), Simon Hardwick (Ensemble), Jack Harrison-Cooper (Ensemble), Matthew Jeans (Ensemble), 조상웅 Jo Sang-woong (Ensemble), Kurt Kansley (Ensemble), 김수하 Kim Soo-ha (Ensemble), Kittiphun Kittipakapom (Ensemble), Aaron Lee Lambert (Ensemble), Mitch Leow (Ensemble), David Kar-Hing Lee (Ensemble), Ela Lisondra (Ensemble), Michael Macalintal (Ensemble), Carolyn Maitland (Ensemble), Tanya Manalang (Ensemble), Christian Rey Marbella (Ensemble), Liam Marcellino (Ensemble), Kanako Nakano (Ensemble), Thao Therese Nguyen (Ensemble), Saori Oda (Ensemble), Claire Parrish (Ensemble), Kiel Payton (Ensemble), Katherine Picar (Ensemble), Ariel Reonal (Ensemble), Jon Reynolds (Ensemble), Romeo Salazar (Ensemble), Jordan Shaw (Ensemble), Niall Sheehy (Ensemble), Marsha Songcome (Ensemble), Kerry Spark (Ensemble), Eloisa Amalia Tan (Ensemble), Gavin Tsang (Ensemble), Thao Vilayvong (Ensemble), Amadeus Williams (Ensemble), Gerald Zarcilla (Ensemble)",,"25th Anniversary proshot, filmed at the Prince Edward Theatre in London. Commercially released in 2016.",,,,"Gift at your Discretion",Unrestricted,Pro-Shot,,"MP4 - 4.6 GB",,"Full Show","Prince Edward Theatre","London, United Kingdom",2026-08-20,https://encora.it/recordings/2609/
Video,"Monty Python's Spamalot",Broadway,"March 12, 2005",Evening,Pigerty,"Tim Curry (King Arthur), Sara Ramirez (Lady of The Lake), David Hyde Pierce (Sir Robin), Hank Azaria (Sir Lancelot), Steve Rosen (Sir Bedevere), Christian Borle (Historian/Prince Herbert), Michael McGrath (Patsy), Christopher Sieber (Sir Galahad)",,"Preview performance. Includes Playbill scans.",,,,"Gift at your Discretion",Unrestricted,Bootleg,,"VOB+smalls - 3.53 GB",,"Full Show","Shubert Theatre","New York, NY",2026-08-26,https://encora.it/recordings/6166/
Video,"Monty Python's Spamalot","Broadway Center Stage","May 18, 2023",Matinee,"Medium Observation","James Monroe Iglehart (King Arthur), Leslie Rodriguez Kritzer (Lady of The Lake), Michael Urie (Sir Robin/Brother Maynard/Guard 1), Alex Brightman (Sir Lancelot/The French Taunter/Knight of Ni/Tim the Enchanter), Jimmy Smagula (Sir Bedevere/Dennis' Mother/Concorde), Rob McClure (Historian/Prince Herbert), Matthew Saldivar (Patsy/Guard 2), Nik Walker (Sir Galahad/Black Knight/Prince Herbert's Father), Michael Fatica (Ensemble), Kaylee Olson (Ensemble), Ryan Kasprzak (Ensemble), Phillip Attmore (Ensemble), Daniel Beeman (Ensemble), Maria Briggs (Ensemble), Eloise Kropp (Ensemble), Daniel May (Ensemble), Shina Ann Morris (Ensemble), Kristin Piro (Ensemble)",,"Nice video of this hilarious show. Filmed from the orchestra. Lots of wideshots, which can lead to some washout at times. Beautiful zooms however on the cast (Alex Brightman fancam at times but it never takes away from the video!). Overall a great video of this hilarious and perfect production.",2023-12-01,,,"Gift at your Discretion",Unrestricted,Bootleg,,"MP4  - 9.17 GB",,"Full Show","The Kennedy Center - Eisenhower Theater","Washington, DC",2026-08-21,https://encora.it/recordings/1143342/
Video,"Moulin Rouge! The Musical",Broadway,"October 2, 2024",Evening,bikinibottomday,"Joanna ""JoJo"" Levesque (Satine), Aaron Tveit (Christian), Patrick Clanton (s/b Harold Zidler), David Harris (The Duke of Monroth), Andre Ward (Toulouse-Lautrec), Alexander Gil Cruz (Santiago), Sophie Carmen-Jones (Nini), Jacqueline B. Arnold (La Chocolat), Nicci Claspell (Arabia), Jeigh Madjus (Baby Doll), Nick Martinez (Pierre), Giovanni Bonaventura (s/w Ensemble), Cameron Burke (s/w Ensemble), Aaron C. Finley (Ensemble), Bahiyah Hibah (Ensemble), Kamal Lado (Ensemble), Heather Makalani (Ensemble), Kaitlin Mesh (Ensemble), Jenn Stafford Yip (Ensemble), Brooke Taylor (Ensemble), Alex Varcas (Ensemble), Frank Viveros (Ensemble), Cole Wachman (Ensemble), Michael Bryan Wang (s/w Ensemble), Jordan Wynn (Ensemble)","Excellent 4K capture of the show’s 1500th performance! Three short blackouts, lasting 90 seconds near the end of “Sympathy for the Duke,” 30 seconds after “Nature Boy,” and 25 seconds after “Backstage Romance.” Action on the far left and on the walkway is somewhat obstructed. A railing is also visible and occasionally blocks off action but is usually unintrusive. Some wandering and unfocusing throughout. Includes curtain call, and encore, audio is fed from external source.",,2025-05-02,,,"Never Gift",Unrestricted,Bootleg,"4K MP4 10.43 GB","MP4 - 10.43 GB",,"Full Show","Al Hirschfeld Theatre","New York, NY",2026-09-01,https://encora.it/recordings/2006364/
Video,"Moulin Rouge! The Musical",Broadway,"June 21, 2023",Matinee,bikinibottomday,"Joanna ""JoJo"" Levesque (Satine), Derek Klena (Christian), Eric Anderson (Harold Zidler), David Harris (The Duke of Monroth), Andre Ward (Toulouse-Lautrec), Ricky Rojas (Santiago), Sophie Carmen-Jones (Nini), E.J. Hamilton (u/s La Chocolat), Tasia Jungbauer (Arabia), David Merino (Baby Doll), Nick Martinez (Pierre), Cole Wachman (Ensemble), Alec Varcas (Ensemble), Clay Rice-Thomson (Ensemble), Kelsey Orem (s/w Ensemble), Kaitlin Mesh (Ensemble), Kara Menendez (s/w Ensemble), Heather Makalani (Ensemble), Aaron C. Finley (Ensemble), Taurean Everett (Ensemble), Alexander Gil Cruz (Ensemble), Raúl Contreras (s/w Ensemble), Patrick Clanton (Ensemble), Lauren Celentano (s/w Ensemble), Sarah Bowden (Ensemble)",,"Great 4K capture of Jojo and Derek! Action on the far left and on the walkway is obstructed. A railing is also visible and occasionally blocks off action (mostly on the catwalk) but is usually unintrusive. There are multiple short blackouts in the first 30 minutes (and one right before Elephant Love Medley), lasting about 2 minutes total. Some wandering and unfocusing throughout. About a minute of the play scene is unfocused. Includes part of Encore, audio is fed from external source.",2023-12-17,,,"Never Gift",Unrestricted,Bootleg,"4K MP4 (9.73GB)","MP4 - 9.72 GB",,"Full Show","Al Hirschfeld Theatre","New York, NY",2026-08-11,https://encora.it/recordings/1145701/
Video,"Moulin Rouge! The Musical","West End","January, 2023",Unknown,Lasagna,"Vanessa Ela Young (alt Satine), Jamie Muscato (Christian), Craig Ryder (u/s Harold Zidler), Ben Richards (The Duke of Monroth), Ian Carlyle (Toulouse-Lautrec), Elia Lo Tauro (Santiago), Amy Thornton (Nini), Elliotte Williams N'Dure (La Chocolat), Melissa Nettleford (u/s Arabia), Tiago Dhondt Bamberger (Baby Doll)",,"Great capture of Vanessa as Satine! Shot around heads but all the action is captured well.",2023-12-29,,,"Gift at your Discretion",Unrestricted,Bootleg,"MP4 (4K)","MP4 - 9.17 GB",,"Full Show","Piccadilly Theatre","London, United Kingdom",2026-08-07,https://encora.it/recordings/1137401/
Video,"Moulin Rouge! The Musical","West End","November, 2022 (2)",Unknown,Lasagna,"Melissa James (Satine), Jamie Muscato (Christian), Matt Rixon (Harold Zidler), Ben Richards (The Duke of Monroth), Ian Carlyle (Toulouse-Lautrec), Elia Lo Tauro (Santiago), Amy Thornton (Nini), Elliotte Williams N'Dure (La Chocolat), Rochelle Sherona (t/r Arabia), Tiago Dhondt Bamberger (Baby Doll)",,"Wonderful capture of the new cast! Blindshot for the first song of Act 2 but still captures all the action.",2023-12-29,,,"Gift at your Discretion",Unrestricted,Bootleg,"MP4 (4K)","MP4 - 9.17 GB",,"Full Show","Piccadilly Theatre","London, United Kingdom",2026-08-26,https://encora.it/recordings/1136271/
Video,"Much Ado About Nothing","West End Revival (2025)","February 25, 2025",Evening,bikinibottomday,"Tom Hiddleston (Benedick), Hayley Atwell (Beatrice), Mara Huf (Hero), James Phoon (Claudio), Tim Steed (Don John), Mason Alexander Park (Margaret), Mika Onyx Johnson (Borachio), Forbes Masson (Leonato), Gerald Kyd (Don Pedro), Phillip Olagoke (Friar Francis)","Great 4K capture of this fantastic revival! Major head obstructions on the sides that block some action, particularly on the left side, but are worked around fairly well. Most action is well captured. Last minute of the show is very heavily obstructed due to people standing up. Some wandering and unfocusing throughout. Includes curtain call, audio fed from external source. NOT FOR SHARING EXCEPT THROUGH ME UNTIL NOVEMBER 17, 2025.",,2025-11-17,,,"Never Gift",Unrestricted,Bootleg,"MP4 (4K) - 8.39 GB","MP4 - 8.39 GB",,"Full Show","Theatre Royal Drury Lane","London, United Kingdom",2026-09-13,https://encora.it/recordings/2014726/
Video,"The Music Man","Third Broadway Revival","January, 2023",Unknown,StarCuffedJeans,"Hugh Jackman (Harold Hill), Sutton Foster (Marian Paroo), Marie Mullen (Mrs. Paroo), Benjamin Pajak (Winthrop), Shuler Hensley (Marcellus Washburn), Mark Linn-Baker (Mayor Shinn), Gino Cosculluela (Tommy Djilas), Emma Crow (Zaneeta Shinn), Remy Auberjonois (Charlie Cowell), Emily Jewel Hoder (Amaryllis), Phillip Boykin (Olin Britt/Barbershop Quartet), Jayne Houdyshell (Eulalie MacKecknie Shinn), Eddie Korbich (s/b Jacey Squires), Daniel Torres (Ewart Dunlop/Barbershop Quartet), Jessica Sheridan (Maud Dunlop), Rema Webb (Mrs. Squires), Garrett Long (Ethel Toffelmier), Nicholas Ward (Barbershop Quartet/Oliver Hix), Lance Roberts (Constable Locke), Linda Mugleston (Alma Hix), Kennedy Pitney (Gracie Shinn), Nick Alvino (Ensemble), Jordan Beall (Ensemble), Lauren Blackman (Ensemble), Ronnie S. Bowman Jr. (Ensemble), Audrina Brudner (Ensemble), Michael Cash (Ensemble), William Thomas Colin (Ensemble), Kammie Crum (Ensemble), Aydin Eyikan (Ensemble), Ethen Green-Younger (Ensemble), Andrea Jones-Sojola (Ensemble), Amanda LaMotte (Ensemble), Kayla LaVine (Ensemble), Ross Lekites (Ensemble), Devin Miles Lugo (Ensemble), Drew Minard (Ensemble), Sean Montgomery (Ensemble), Tanner Quirk (Ensemble), Ann Sanders (Ensemble), Sherisse Springer (Ensemble), Mitchell Tobin (Ensemble), Branch Woodman (Ensemble)",,,2024-03-01,,,"Gift at your Discretion",Unrestricted,Bootleg,"MP4 (HD) - 5.96 GB","MP4 - 5.96 GB",,"Full Show","Winter Garden Theatre","New York, NY",2026-09-14,https://encora.it/recordings/1154097/
Video,"The Mystery of Edwin Drood","First Broadway Revival","March 10, 2013",Evening,SunsetBlvd79,"Stephanie J. Block (Edwin Drood/Miss Alice Nutting), Will Chase (John Jasper/Mr. Clive Paget), Chita Rivera (The Princess Puffer/Miss Angela Prysock), Jim Norton (Chairman/Mr. William Cartwright), Erin Davie (Rosa Bud/Miss Deirdre Peregrine), Jessie Mueller (Helena Landless/Miss Janet Conover), Andrew Samonsky (Neville Landless/Mr. Victor Grinstead), Robert Creighton (Durdles/Mr. Nick Cricker), Gregg Edelman (Reverend Mr. Crisparkle/Mr. Cedric Moncrieffe), Peter Benson (Mr. Phillip Bax/Bazzard), Nicholas Barasch (Deputy/Master Nick Cricker)",,"Excellent HD capture of the final show. The audience was full of fans of the show, so great energy and applause throughout. Includes the only time three lovers were selected, including John Jasper. Touching final curtain speech by the director and Rupert Holmes. Datchery: Bazzard, Murderer: Puffer, Lovers: Helena and Jasper and Rosa Bud. A",,,,"Gift at your Discretion",Unrestricted,Bootleg,,"VOB+smalls - 8.19 GB",,"Full Show","Studio 54","New York, NY",2026-08-07,https://encora.it/recordings/385/
Video,"Natasha, Pierre & The Great Comet of 1812",Broadway,"October 23, 2016",Unknown,,"Denée Benton (Natasha), Josh Groban (Pierre), Brittain Ashford (Sonya), Grace McLean (Marya D.), Lucas Steele (Anatole), Amber Gray (Hélène), Manik Choksi (Dolokhov), Nicholas Belton (Bolkonsky/Andrey), Gelsey Bell (Mary/Opera Singer/Maidservant), Paul Pinto (Balaga/Opera Singer/Servant)",,"Multi-camera archival pro-shot of the original Broadway cast filmed during previews.

Currently circulating version was uploaded to Vimeo in August 2026 by the production's casting director, and has hardcoded English subtitles and an improper framerate (so the source is presumably a screen recording).",,,,"Never Gift",Unrestricted,Pro-Shot,"1080p MP4 (4.71 GB)","MP4 - 4.7 GB",,"Full Show","Imperial Theatre","New York, NY",2026-08-29,https://encora.it/recordings/2038081/
Video,"Natasha, Pierre & The Great Comet of 1812","Off-West End","January, 2025",Unknown,Jagweed,"Chumisa Dornford-May (Natasha), Declan Bennett (Pierre), Maimuna Memon (Sonya), Annette McLaughlin (Marya D.), Jamie Muscato (Anatole), Cat Simmons (Hélène), Daniel Krikler (Dolokhov), Eugene McCoy (Bolkonsky/Andrey), Chloe Saracco (Mary), Cedric Neal (Balaga), Andrew Berlin (Ensemble), Kimberly Blake (Ensemble), Ali Goldsmith (Ensemble), Chihiro Kawasaki (Ensemble), Nitai Levi (Ensemble), Annie Majin (Ensemble)","An excellent capture. Some focus issues but nothing major. For about 7 minutes in Act Two there is a tech issue with an AC-like sound from a machine. I’ve done my best to minimise the sound as much as I can but it can still be heard. Recording includes the curtain call and a shot of the outside of the theatre. Filmed in 4K. External audio used.",,2025-08-30,,NFS,"Never Gift",Unrestricted,Bootleg,"8.98 GB MP4","MP4 - 8.98 GB",,"Full Show","Donmar Warehouse","London, United Kingdom",2026-08-19,https://encora.it/recordings/2010082/
Video,Newsies,Broadway,"July 29, 2012",Evening,SunsetBlvd79,"Jeremy Jordan (Jack Kelly), Ben Fankhauser (Davey Jacobs), Kara Lindsay (Katherine Plumber), Andrew Keenan-Bolger (Crutchie), John Dossett (Joseph Pulitzer), Capathia Jenkins (Medda Larkin), Lewis Grosso (Les Jacobs), Ryan Breslin (Race), Andy Richardson (Romeo), Mike Faist (Morris Delancey), Brendon Stimson (Oscar Delancey), Tommy Bracco (Spot Conlon), Aaron J. Albano (Finch), Ryan Steele (Specs), Evan Kasprzak (Elmer), Jack Scott (Albert), John E. Brady (Wiesel/Mr. Jacobi/Mayor), Stuart Marland (Snyder), Kevin Carolan (Theodore Roosevelt), Kyle Coffman (Henry), Jess LeProtto (Buttons), JP Ferreri (Sniper/Scab), Mark Aldrich (Seitz), Nick Sullivan (Bunsen), Laurie Veldheer (Hannah), Ephraim Sykes (Mush), Thayne Jasperson (Darcy)","Great HD capture done shortly before Jeremy left the show. On wider shots, heads come into the frame toward the lip of the stage and far stage sides. Usually zoomed past them and they are not an issue and do not block the action. Jeremy is still giving a great performance, and it's a great ensemble!","Check with traders: Some copies circulate with non-working menus, the 7.61 GB menu with correctly labeled Act 1 and Act 2 on each disc is the correct 1st gen copy.",,,,"Gift at your Discretion",Unrestricted,Bootleg,"VOB + Smalls (7.61 GB)","VOB+smalls - 7.61 GB",,"Full Show","Nederlander Theatre","New York, NY",2026-09-12,https://encora.it/recordings/449/
Video,Newsies,"Paper Mill Playhouse","October, 2011",Unknown,Unknown,"Jeremy Jordan (Jack Kelly), Ben Fankhauser (Davey Jacobs), Kara Lindsay (Katherine Plumber), Andrew Keenan-Bolger (Crutchie), John Dossett (Joseph Pulitzer), Helen Anker (Medda Larkin), RJ Fattori (Les Jacobs), Ryan Breslin (Race), Andy Richardson (Romeo), Mike Faist (Morris Delancey), Brendon Stimson (Oscar Delancey), Tommy Bracco (Spot Conlon), Aaron J. Albano (Finch), Ryan Steele (Specs), Garett Hawe (Albert), John E. Brady (Wiesel/Mr. Jacobi/Mayor), Mark Aldrich (Seitz), Laurie Veldheer (Hannah), Max Ehrich (Mush/Darcy)",,"Filmed in 16:9 widescreen, almost no obstructions except for a head on the edge of the widest shots. Only very brief drop-outs for applause. Super fun for fans of the show to see the version before it came to Broadway. This is the only known full video of this pre-Broadway production. Yes, there is a typo in Andrew Keenan-Bolgers name in the videos cast list. Sorry. Audio fed in from external source, so the audio is nice and clear. Do not identify master or exact date. NO PART OF THIS VIDEO IS EVER TO BE POSTED OR SHARED ANYWHERE ONLINE including but not limited to YouTube, Tumblr, Vimeo, Reddit, etc.",,,,"Gift at your Discretion",Unrestricted,Bootleg,,"6.14 GB total (VOB+smalls - 3.92GB | MP4 - 2.21GB)",,"Full Show","Paper Mill Playhouse","Millburn, NJ",2026-08-10,https://encora.it/recordings/1110085/
Video,"Next to Normal","West End","September, 2024",Unknown,,"Caissie Levy (Diana), Jamie Parker (Dan), Jack Wolfe (Gabe), Eleanor Worthington-Cox (Natalie), Jack Ofrecio (Henry), Trevor Dion Nicholas (Dr. Fine/Dr. Madden)",,"Filmed at Wyndham's Theatre from September 9-11 2024 during the show's West End transfer from its original run at the Donmar Warehouse. 

Multiple versions circulate:
- Censored audio (Aired on PBS's Great Performances May 9, 2025)
- Uncensored audio with hardcoded timestamp in top-left corner and different scene changes, leaked theatrical release version
- Full uncensored version ripped from Amazon. Swear words are included, and the camera doesn't cut away during them. No time code present.

Check with traders.",,,NFS,"Gift at your Discretion",Unrestricted,Pro-Shot,"{Censored, No Timestamp) - MP4 (3.35 GB), {Uncensored, Timestamp} - MKV (4.04 GB), & MKV (8.45 GB 1080p, 9.9 GB 2160p), {Uncensored Amazon Rip}","MP4 - 9.91 GB (Uncensored)",,"Full Show","Wyndham's Theatre","London, United Kingdom",2026-08-07,https://encora.it/recordings/2013962/
Video,"The Notebook",Broadway,"March, 2024",Unknown,StarCuffedJeans,"Maryann Plunkett (Older Allie), Dorian Harewood (Older Noah), Joy Woods (Middle Allie), Ryan Vasquez (Middle Noah), Jordan Tyson (Younger Allie), John Cardoza (Younger Noah), Andréa Burns (Mother/Nurse Lori), Charles E. Wallace (Father/Son/Others), Hillary Fisher (Sarah/Granddaughter/Others), Dorcas Leung (Georgie/Concierge/Others), Carson Stewart (Fin/Johnny/Others), Chase Del Rey (Lon/Others), Yassmin Alers (Nurse Joanna/Others)",,,2024-10-01,,,"Gift at your Discretion",Unrestricted,Bootleg,"MP4 (HD) - 5.37 GB","MP4 - 5.37 GB",,"Full Show","Gerald Schoenfeld Theatre","New York, NY",2026-09-01,https://encora.it/recordings/1157808/
Video,"The Notebook","First US National Tour","January, 2026",Unknown,MTTZ,"Sharon Catherine Brown (Older Allie), Aaron Ramey (s/w Older Noah), Alysha Deslorieux (Middle Allie), Ken Wulf Clark (Middle Noah), Chloë Cheers (Younger Allie), Kyle Mangold (Younger Noah), Anne Tolpegin (Mother/Nurse Lori), Jerome Harmann-Hardeman (Father/Son/Others), Makena Jackson (Sarah/Granddaughter/Others), Grace Ohwensadeyo Rundberg (Georgie/Concierge/Others), Joe Verga (s/w Fin/s/w Grandson/s/w Others), Jesse Corbin (Lon/Others), Connor Richardson (Johnny), Rayna Hickman (Nurse Joanna/Others)","Excellent capture of this incredible tour! Shot in a great mix of wides, mediums, and close-ups. Some increased wandering, shaking, and re-adjusting throughout. Some washout and unfocusing in certain moments. Audio is patched in from an external source; some scraping and rustling might be heard during readjustment periods. Overall an excellent capture. ",,2026-07-05,,,"Gift at your Discretion",Unrestricted,Bootleg,"MP4 (4K)","MP4 -8.04 GB",,"Full Show",,,2026-09-05,https://encora.it/recordings/2029132/
Video,"Oedipus El Rey","Huntington Theatre Company","May 15, 2026",Unknown,,"Juan Arturo (Oedipus), Melisa Soledad Pereyra (Jocasta), Victor Almanzar (Tiresias/Coro), Jaime José Hernández (Creon/Coro), Gabe Martinez (Laius)",,,,,NFS,"Gift at your Discretion",Unrestricted,Pro-Shot,"MP4 (3.29 GB)","MP4 - 3.31 GB",,"Full Show",,"Boston, MA",2026-08-23,https://encora.it/recordings/2034972/
Video,"Once Upon A Mattress","Center Theatre Group","December, 2024 (2)",Unknown,MTTZ,"Sutton Foster (Princess Winnifred), Michael Urie (Prince Dauntless), Ana Gasteyer (Queen Aggravain), David Patrick Kelly (King Sextimus), Darius Wright (u/s Jester), Oyoyo Joi (Lady Larken), Ben Davis (Sir Harry), Kevin Del Aguila (Wizard), Wendi Bergamini (Nightingale of Samarkand/Lady Rowena/Backup Vocalist), Amanda LaMotte (Princess No. 12/Puppeteer/Backup Vocalist), Taylor Marie Daniel (Princess No. 12/Backup Vocalist), Destinee Rea (Princess No. 11), Richard Riaz Yoder (Dance Soloist), Daniel Beeman (Ensemble), Sheldon Henry (s/w Ensemble), Cicily Daniels (Ensemble), Michael Olaribigbe (Ensemble), Adam Roberts (Ensemble), Jeffrey Schecter (Ensemble), Matt Wall (Ensemble)","Great capture of this incredible production! Shot in a wonderful mix of wides, mediums, and close-ups. Some increased wandering, shaking, and re-adjusting throughout with a few brief dropouts. Audio is patched in from an external source. Overall a great capture, though slightly messier than usual. Sutton, Ana, and Michael are absolute stars.",,2025-07-05,,,"Gift at your Discretion",Unrestricted,Bootleg,,"MP4 - 8.44 GB",,"Full Show","Ahmanson Theatre","Los Angeles, CA",2026-09-14,https://encora.it/recordings/2009128/
Video,"Once Upon A Mattress",Encores!,"January, 2024",Unknown,StarCuffedJeans,"Sutton Foster (Princess Winnifred), Michael Urie (Prince Dauntless), Harriet Harris (Queen Aggravain), David Patrick Kelly (King Sextimus), J. Harrison Ghee (Jester), Nikki Renée Daniels (Lady Larken), Cheyenne Jackson (Sir Harry), Francis Jue (Wizard), Richard Riaz Yoder (Ensemble), Kristin Yancy (Ensemble), Ryan Worsing (Ensemble), Adam Roberts (Ensemble), Abby Matsusaka (Ensemble), Paul Kreppel (Ensemble), Amanda LaMotte (Ensemble), Andrea Jones-Sojola (Ensemble), Jaquez André Sims (Ensemble), Gaelen Gilliland (Ensemble), Ta'Nika Gibson (Ensemble), Ben Davis (Ensemble), Cicily Daniels (Ensemble), Kaleigh Cronin (Ensemble), DeMarius R. Copes (Ensemble), Shavey Brown (Ensemble)",,,2024-08-01,,,"Gift at your Discretion",Unrestricted,Bootleg,"MP4 (HD) - 5.39 GB","MP4 - 5.39 GB",,"Full Show","New York City Center - Mainstage","New York, NY",2026-08-06,https://encora.it/recordings/1155839/
Video,"Once: The Musical",Broadway,"January 3, 2015",Evening,"SJ Bernly","Paul Alexander Nolan (Guy), Jessie Fisher (Girl), Katrina Lenk (Réza), Scott Stangland (Eamon), Ryan Vona (Andrej), David Patrick Kelly (Da), Anne L. Nathan (Baruska), Lucas Papaelias (Svec), Andy Taylor (Bank Manager), Erikka Walsh (Ex-Girlfriend), J. Michael Zygo (Billy)",,"Wonderful capture of the second-to-last performance before the show closed on Broadway. Good video with no washout, and very little obstruction. One head on the left that leans in occasionally and a bar that obstructs a small part of the center stage during the first 20 minutes; both improve as the show goes on. About 3 minutes of blackouts during the first scene, another minute at the end of North Strand, and another 3 minutes at the beginning of Act Two. Excellent sound. 2 DVDs. A-",,,,"Gift at your Discretion",Unrestricted,Bootleg,,"VOB+smalls - 6.71 GB",,"Full Show","Bernard B. Jacobs Theatre","New York, NY",2026-08-26,https://encora.it/recordings/1006056/
Video,"Operation Mincemeat","West End","August, 2023",Unknown,hitmewithyourbethshot,"Natasha Hodgson (Ewen Montagu & Others), David Cumming (Charles Cholmondeley & Others), Zoe Roberts (Johnny Bevan & Others), Jak Malone (Hester Leggatt & Others), Claire-Marie Hall (Jean Leslie & Others)",,"MTS, shot around safety rails",2024-01-23,,,"Gift at your Discretion",Unrestricted,Bootleg,,"MTS - 15.26 GB",,"Full Show","Fortune Theatre","London, United Kingdom",2026-08-20,https://encora.it/recordings/1146913/
Video,"Operation Mincemeat","West End","July, 2024",Matinee,MTTZ,"Emily Barber (Ewen Montagu & Others), Seán Carey (Charles Cholmondeley & Others), Chlöe Hart (Johnny Bevan & Others), Christian Andrews (Hester Leggatt & Others), Claire-Marie Hall (Jean Leslie & Others)","Solid capture of one of my favorite shows currently running in the world. Shot in a fantastic mix of wides, mediums, and close-ups. Some increased wandering, shaking, and re-adjusting throughout. Act 1 is impeccable, some of my best work, with only a bar in the way at the bottom that doesn't block anything. Act 2 is more mixed, especially in the first 20-ish minutes, but still captures a lot of action with only a few dropouts throughout and some obstruction and wandering/shaking that goes away afterwards. Some rustling can be heard throughout. Overall a very good capture.",,2024-12-05,,,"Gift at your Discretion",Unrestricted,Bootleg,,"MP4 - 8.55 GB",,"Full Show","Fortune Theatre","London, United Kingdom",2026-08-20,https://encora.it/recordings/2002786/
Video,"Our Town","Welsh National Theatre",2026,Unknown,,"Michael Sheen (Stage Manager), Yasemin Özdemir (Emily Webb), Peter Devlin (George Gibbs), Sian Reese-Williams (Mrs. Gibbs), Matthew Trevannion (Dr. Gibbs), Rhodri Meilir (Mr. Webb), Nia Roberts (Mrs. Webb), Rithvik Andugula (Howie Newsome), Rhys Warrington (Simon Stimson), Christina Modestou (Mrs. Soames), Alfie Llewellyn (Si Crowell/Joe Crowell Jr.), Jâms Thomas (Constable Warren), Aisha-May Hunte (Wally Webb), Rebecca Killick (Rebecca Gibbs), Kingdom Sibanda (Sam Craig), Gareth Snook (Joe Stoddard/Professor Willard)",,,,,NFS,"Gift at your Discretion",Unrestricted,Pro-Shot,,"MP4 - 4.62 GB",,"Full Show",,,2026-08-23,https://encora.it/recordings/2036764/
Video,"The Outsiders",Broadway,"June 7, 2024",Evening,bikinibottomday,"Brody Grant (Ponyboy Curtis), Sky Lakota-Lynch (Johnny Cade), Joshua Boone (Dallas Winston), Brent Comer (Darrel Curtis), Jason Schmidt (Sodapop Curtis), Emma Pittman (Cherry Valance), Daryl Tofa (Two-Bit Mathews), Kevin William Paul (Bob Sheldon/Cop), Dan Berry (Paul Holden), SarahGrace Mariani (Marcia), Tilly Evans-Krueger (Ace), Jordan Chin (s/w Steve), RJ Higton (Chet), Kevin Csolak (t/r Trip), Barton Cowperthwaite (Brill), Melody Rose (Beverly)","<p>Excellent 4K capture of this show! Very minor head obstruction on the far left, blocks a tiny bit of action. Some moments of wandering and unfocusing, especially during the first song. Includes curtain call, audio fed from external source.</p>",,2024-12-02,,,"Never Gift",Unrestricted,Bootleg,"MP4 (4K) - 9.96 GB","MP4 - 9.96 GB",,"Full Show","Bernard B. Jacobs Theatre","New York, NY",2026-09-17,https://encora.it/recordings/2000759/
Video,"The Outsiders",Broadway,"March 19, 2024",Evening,angelofmusicishere,"Brody Grant (Ponyboy Curtis), Sky Lakota-Lynch (Johnny Cade), Joshua Boone (Dallas Winston), Brent Comer (Darrel Curtis), Jason Schmidt (Sodapop Curtis), Emma Pittman (Cherry Valance), Daryl Tofa (Two-Bit Mathews), Kevin William Paul (Bob Sheldon/Cop), Dan Berry (Paul Holden), SarahGrace Mariani (Marcia), Tilly Evans-Krueger (Ace), Renni Anthony Magee (Steve), RJ Higton (Chet), Sean Harrison Jones (Trip), Barton Cowperthwaite (Brill), Melody Rose (Beverly)",,"Third preview. Whole show shot from left orchestra, obstructed view during two songs.",2025-03-19,,,"Gift at your Discretion",Unrestricted,Bootleg,"MP4 (1080p) 9.24 GB","MP4 - 9.23 GB",,"Full Show","Bernard B. Jacobs Theatre","New York, NY",2026-08-21,https://encora.it/recordings/1156798/
Video,"The Outsiders",Broadway,"April, 2025",Unknown,MTTZ,"Brody Grant (Ponyboy Curtis), Sky Lakota-Lynch (Johnny Cade), Alex Joseph Grayson (Dallas Winston), Victor Carrillo Tracey (u/s Darrel Curtis), Jason Schmidt (Sodapop Curtis), Emma Pittman (Cherry Valance), Daryl Tofa (Two-Bit Mathews), Kevin William Paul (Bob Sheldon/Cop), Dan Berry (Paul Holden), SarahGrace Mariani (Marcia), Tilly Evans-Krueger (Ace), Cameron Burke (s/w Steve), Davis Wayne (Chet), Cole Zieser (Trip), Devin Tyler Hatch (Brill), Jena VanElslander (s/w Beverly)","Excellent capture of this amazing show! Shot in a great mix of wides, mediums, and close-ups. Some washout on wider shots. Minor obstruction on the bottom that never blocks any action. A few brief dropouts. Audio is patched in from an external source. Increased wandering, shaking, and re-adjusting throughout. Overall an excellent capture, albeit slightly messy. ",,2025-10-05,,,"Gift at your Discretion",Unrestricted,Bootleg,,"MP4 - 8.96 GB",,"Full Show","Bernard B. Jacobs Theatre","New York, NY",2026-08-20,https://encora.it/recordings/2012255/
Video,"Paddington The Musical","West End","February, 2026",Unknown,MTTZ,"Arti Shah (Paddington On-Stage Performer), James Hameed (Paddington Off-Stage Performer and Remote Puppeteer), Aimée Fisher (u/s Mrs. Brown), Adrian Der Gregorian (Mr. Brown), Joseph Bramley (Jonathan Brown), Delilah Bennett-Cardy (Judy Brown), Victoria Hamilton-Barritt (Millicent Clyde), Ben Redfern (u/s Mr. Curry), Bonnie Langford (Mrs. Bird), Tarinn Callender (Grant), Teddy Kempner (Mr. Gruber), Amy Booth-Steel (Lady Sloane/Train Announcer/Mrs. Hachoo), Brenda Edwards (Tanya/Voice of Aunt Lucy/Ensemble), Timi Akinyosade (Tony), David Birch (s/w Hank the Pigeon/s/w Ensemble), Tiago Dhondt Bamberger (Ensemble), Jacqueline Hughes (Ensemble), Kellianna Jay (Ensemble), Natasha Leaver (Ensemble), Sunny Lee (Ensemble), Jáiden Lodge (Ensemble), Vicki Lee Taylor (Ensemble), Simon Shorten (Ensemble)","Excellent capture of this immensely hyped musical! Shot in a great mix of wides, mediums, and close-ups. Some increased wandering, shaking, and re-adjusting throughout. Shot over heads that never block significant action. Audio is patched in from an external source; some scraping and rustling might be heard during readjustment periods. Overall an excellent capture of THE BEAR!",,2026-08-05,,,"Gift at your Discretion",Unrestricted,Bootleg,"MP4 (4K) - 9.53 GB","MP4 - 9.53 GB",,"Full Show","Savoy Theatre","London, United Kingdom",2026-08-05,https://encora.it/recordings/2029465/
Video,Parade,"Manhattan Concert Productions","February 16, 2015",Evening,"SJ Bernly","Jeremy Jordan (Leo Frank), Laura Benanti (Lucille Frank), Joshua Henry (Jim Conley), Emerson Steele (Mary Phagan), Ramin Karimloo (Tom Watson), John Ellison Conlee (Hugh Dorsey), Nathaniel Stampley (Newt Lee/Riley), Davis Gaines (Judge Roan), Katie Rose Clarke (Mrs. Phagan), Andy Mientus (Britt Craig), Charlie Franklin (Frankie Epps/Young Soldier), Allie Trimm (Essie), Andrea Jones-Sojola (Minnie McKnight/Angela), Rachel deBenedet (Sally Slaton), Caitlin Houlahan (Iola Stover), John Jellison (Luther Rosser/Mr. Peavy), Ephie Aardema (Monteen), Alan Campbell (Governor Slaton), Eric Leviton (Officer Ivey), Eric Anderson (Lt. J.N. Starnes)",,"A fantastic capture of this one-night-only concert at Avery Fisher Hall. Jeremy and Laura give incredible performances, as do Joshua Henry and too many others to name. Jason Robert Brown gives a speech after the curtain call. Truly an epic night of theatre. This is a very near perfect video with no obstruction and only slight washout in wide shots. There are two quick dropouts in the first few minutes, but the concert is otherwise fully captured. It's filmed in 16:9, with a mix of wides, mediums, and close-ups. The sound is excellent. Includes curtain call, Jason's speech, and playbill scans.",,,,"Gift at your Discretion",Unrestricted,Bootleg,,"VOB+smalls - 8.21 GB",,"Full Show","Lincoln Center - Avery Fisher Hall","New York, NY",2026-09-12,https://encora.it/recordings/2123/
Video,"Paranormal Activity","First US National Tour","October 31, 2025",Evening,soysaucepierre,"Cher Álvarez (Lou), Patrick Heusinger (James), Shannon Cochran (Carolanne), Kate Fry (Etheline Cotgrave), Sophie Kaegi (Ensemble)","Solid 4K capture of this stellar play on Halloween! The show is very dark so a fair amount is blindshot / wideshot. The first minute-ish of Act 2 is audio only. Act 1 has a fair amount of tilt due to accidentally turning my level off, this is fixed in Act 2. There are a couple head obstructions at the bottom of screen that are worked around well but block a bit of action in Act 2 when one gets particularly restless. Readjustment, tilt, and wandering with occasional focus issues throughout. Shot in mostly wides and mediums with some closeups mixed in. Audio fed from external source.
TLDR: TIME TO GET SPOOKY!!",,2026-08-23,,,"Never Gift",Unrestricted,Bootleg,"MP4 (4K) - 8.08 GB","MP4 - 8.08 GB",,"Full Show","Chicago Shakespeare Theater","Chicago, IL",2026-08-24,https://encora.it/recordings/2026962/
Video,"Peter Pan (Charlap & Leigh)","Ninth US National Tour","July, 2024",Evening,MTTZ,"Nolan Almeida (Peter Pan), Cody Garcia (Captain Hook/Mr. Darling), Hawa Kamara (Wendy Darling), Camden Kwok (Michael Darling), William Foon (John Darling), Shefali Deshpande (Mrs. Darling), Raye Zaragoza (Tiger Lily), Hannah Schmidt (Liza), Christina Hélène Braa (Jane/Crocodile), Kurt Perry (Smee)","Excellent capture of this tour! A few brief obstructions/dropouts due to audience members walking in late, but nothing of importance is missed. Shot in a great mix of wides, mediums, and close-ups, more wide than usual to capture the action and staging. Some increased wandering, shaking, and re-adjusting throughout. Very interesting how they updated the show, and I love the new friendship song, but the core Peter Pan is still there.",,2025-01-05,,,"Gift at your Discretion",Unrestricted,Bootleg,,"MP4 - 8.04 GB",,"Full Show",,,2026-08-20,https://encora.it/recordings/2003606/
Video,"Peter Pan Goes Wrong",Broadway,"April 30, 2023",Evening,bikinibottomday,"Neil Patrick Harris (t/r Francis/t/r Cecco), Charlie Fay Russell (Sandra/Wendy Darling), Nancy Zamit (Annie/Lisa/Curly/Tinker Bell/Mary Darling), Henry Lewis (Robert/Starkey/Nana the Dog), Greg Tannahill (Jonathan/Peter Pan), Henry Shields (Chris Bean/Captain Hook/George), Matthew Cavendish (Crocodile/Max Bennett/Michael Darling), Chris Leask (Trevor Watson), Bianca Horn (Gill), Ellie Morris (Lucy/Tootles), Jonathan Sayer (Dennis Tyde/John Darling/Smee)",,"Great 4K capture of what was originally meant to be Neil Patrick Harris’ last performance before he extended. There is head obstruction on both sides (the left more so than the right) that block some action and are worked around as best as possible. There is also some wandering and unfocusing throughout. Some scenes in the first act especially have a foggy appearance. Includes curtain call, audio is fed from external source and is somewhat muffled in the latter half of Act One.",2023-12-17,,,"Never Gift",Unrestricted,Bootleg,"4K MP4 (7.87GB)","MP4 - 7.87 GB",,"Full Show","Ethel Barrymore Theatre","New York, NY",2026-08-26,https://encora.it/recordings/1145787/
Video,"The Phantom of the Opera (Andrew Lloyd Webber)","25th Anniversary - Live At The Royal Albert Hall",2011,Unknown,,"Ramin Karimloo (The Phantom of the Opera), Sierra Boggess (Christine Daaé), Hadley Fraser (Raoul de Chagny), Wendy Ferguson (Carlotta Giudicelli), Barry James (Monsieur Firmin), Gareth Snook (Monsieur André), Liz Robertson (Madame Giry), Wynne Evans (Ubaldo Piangi), Daisy Maywood (Meg Giry), Nick Holder (Joseph Buquet), Earl Carpenter (Auctioneer), Sergei Polunin (Slave Master)",,"Recorded between September 30th to October 2nd. Multiple formats exist, including DVD, Blu-Ray, and a version that was streamed on YouTube during the Covid-19 pandemic.",,,,"Gift at your Discretion",Unrestricted,Pro-Shot,,"MKV - 2.79 GB",,"Full Show","Royal Albert Hall","London, United Kingdom",2026-08-08,https://encora.it/recordings/126/
Video,Pippin,"First Broadway Revival","July 13, 2013",Evening,SunsetBlvd79,"Matthew James Thomas (Pippin), Patina Miller (Leading Player), Rachel Bay Jones (Catherine), Terrence Mann (Charles), Charlotte d'Amboise (Fastrada), Andrea Martin (Berthe), Erik Altemus (Lewis), Ashton Woerz (Theo)",,"Beautiful HD capture of the 2013 Tony-winning revival. I certainly see why Patina and Andrea won their Tonys. A sleek and stunning revival with performances and ideas to die for! Certainly not to be missed! A",,,,"Gift at your Discretion",Unrestricted,Bootleg,,"VOB+smalls - 7.94 GB",,"Full Show","Music Box Theatre","New York, NY",2026-08-26,https://encora.it/recordings/202/
Video,"The Play That Goes Wrong","Fourth UK Tour","May, 2022",Unknown,hadesishere,"Henry Lewis (Robert Grove), Henry Shields (Chris Bean), Dave Hearn (Max Bennett), Charlie Fay Russell (Sandra Wilkinson), Jonathan Sayer (Dennis Tyde), Greg Tannahill (Jonathan Harris), Nancy Zamit (Annie Twilliol), Rob Falconer (Trevor Watson)","Fantastic capture of the original cast during their 2-week limited run on tour. Shot in 4K with external audio synced. Minimal wandering and washout, no dropouts and no real obstructions. Incredibly enthusiastic audience with massive applauses throughout.",,2025-07-01,,NFS,"Never Gift",Unrestricted,Bootleg,"4K MP4 (14.2 GB)","MP4 - 14.16 GB",,"Full Show",,,2026-09-13,https://encora.it/recordings/1126225/
Video,"Pretty Woman: The Musical",Broadway,"February, 2019",Evening,NYCG8R,"Samantha Barks (Vivian Ward), Adam Pascal (Edward Lewis), Orfeh (Kit De Luca), Jason Danieley (Philip Stuckey), Eric Anderson (Happy Man/Mr. Thompson), Tommy Bracco (Giulio), Kingsley Leggs (James Morse)",,"(not Master notes) Seems a fantastic capture of the show. Virtually no dropouts, obstructions and spotlight washout. Filmed more centre than the preview recording by the same master; mix of wides, mediums and some closeups; very good capture of the sets and actor choreography. Both are worth watching.",,,,"Gift at your Discretion",Unrestricted,Bootleg,,"VOB+smalls - 4.20 GB",,"Full Show","Nederlander Theatre","New York, NY",2026-08-07,https://encora.it/recordings/30149/
Video,"The Producers",Broadway,"January 22, 2004",Evening,Unknown,"Nathan Lane (Max Bialystock), Matthew Broderick (Leo Bloom), Angie Schworer (Ulla), Roger Bart (Carmen Ghia), Gary Beach (Roger De Bris)",,"Filmed during Nathan and Matthews return to the show.
Screenshots are from the 3.72 GB version.",,,,"Gift at your Discretion",Unrestricted,Bootleg,,"VOB+smalls - 3.72 GB",,"Full Show","St. James Theatre","New York, NY",2026-09-12,https://encora.it/recordings/1208/
Video,Ragtime,"New York City Center Gala","November 3, 2024",Evening,bikinibottomday,"Joshua Henry (Coalhouse Walker Jr.), Caissie Levy (Mother), Brandon Uranowitz (Tateh), Nichelle Lewis (Sarah), Colin Donnell (Father), Ben Levi Ross (Mother's Younger Brother), Shaina Taub (Emma Goldman), Matthew Lamb (The Little Boy), Tabitha Lawing (The Little Girl), Stephanie Styles (Evelyn Nesbit), John Clay III (Booker T. Washington), Tom Nelis (Grandfather), Rodd Cyrus (Harry Houdini), Jacob Keith Watson (Willie Conklin), John Rapson (Admiral Peary/J.P. Morgan), Jeff Kready (Henry Ford), Olivia Hernandez (Kathleen), Kai Latorre (Coalhouse Walker III), Tiffany Mann (Sarah's Friend), Kathy Voytko (Ensemble), Deandre Sevon (Ensemble), Destinee Rea (Ensemble), Ramone Nelson (Ensemble), Alan Wiggins (Ensemble), Morgan Marcell (Ensemble), Marina Kondo (Ensemble), David Jennings (Ensemble), Ta'Nika Gibson (Ensemble), Rheaume Crenshaw (Ensemble), Billy Cohen (Ensemble), Briana Carlson-Goodman (Ensemble), Nicholas Barrón (Ensemble)","Excellent 4K capture of this very anticipated production! Minor head obstruction blocks off some action on the far left during the opening number but disappears for the rest of the show. Increased wandering and unfocusing throughout. Some washout on the wider shots. Includes curtain call, audio is fed from external source.",,2025-05-02,,,"Never Gift",Unrestricted,Bootleg,"4K MP4 10.86 GB","MP4 - 10.8 GB",,"Full Show","New York City Center - Mainstage","New York, NY",2026-09-12,https://encora.it/recordings/2006365/
Video,Ragtime,"Second Broadway Revival","October, 2025",Evening,"The Riddle","Joshua Henry (Coalhouse Walker Jr.), Caissie Levy (Mother), Brandon Uranowitz (Tateh), Nichelle Lewis (Sarah), Colin Donnell (Father), Ben Levi Ross (Mother's Younger Brother), Shaina Taub (Emma Goldman), Nick Barrington (The Little Boy), Tabitha Lawing (The Little Girl), Anna Grace Barlow (Evelyn Nesbit), John Clay III (Booker T. Washington), Tom Nelis (Grandfather/Judge/Ensemble), Rodd Cyrus (Harry Houdini), Jacob Keith Watson (Willie Conklin/Harry K. Thaw/Ensemble), Kent Overshown (Reporter/Ensemble), Billy Cohen (Stanford White/Charles S. Whitman/Doctor/Ensemble), John Rapson (Admiral Peary/J.P. Morgan), Jason Forbach (Henry Ford/Ensemble), Alan Wiggins (Matthew Henson/Ensemble), Ellie Fishman (Kathleen/Ensemble), Lauren Blackman (Welfare Official/Ensemble), Nicholas Barrón (Baron's Assistant/Trolley Conductor/Ensemble), Kerry Conte (s/w Brigit/s/w Ensemble), Kane Emmanuel Miller (Coalhouse Walker III), Allison Blackwell (Sarah's Friend/Ensemble), Deandre Sevon (Coalhouse Follower/Ensemble), Kayla Pecchioni (Ensemble), David Jennings (Ensemble), Marina Kondo (Ensemble), Morgan Marcell (Ensemble), Rheaume Crenshaw (Ensemble), Ta'Nika Gibson (Ensemble), Jordan Chin (Ensemble)","Great 4k capture of this incredible revival in previews shortly before opening! Fairly severe camera fog within the first 25 minutes, some washout and obstruction from heads in wideshots, but little to no wandering throughout. Due to the nature of the thrust stage and the fact that this video was taken from the side, occasionally actors have their backs turned to the audience and facial expressions are missed. Includes bows.",,2026-04-01,,,"Gift at your Discretion",Unrestricted,Bootleg,"MP4 (12.15 GB, 4K)","MP4 - 12.15 GB",,"Full Show","Vivian Beaumont Theatre","New York, NY",2026-08-12,https://encora.it/recordings/2023072/
Video,RENT,Broadway,"September 7, 2008",Evening,,"Adam Kantor (Mark Cohen), Will Chase (Roger Davis), Renée Elise Goldsberry (Mimi Márquez), Eden Espinosa (Maureen Johnson), Michael McElroy (Tom Collins), Justin Johnston (Angel Dumott Schunard), Rodney Hicks (Benjamin Coffin III), Tracie Thoms (Joanne Jefferson), Andrea Goss (Alexi Darling/Others), Marcus Paul James (Mr. Jefferson/Seasons of Love Soloist #2), Gwen Stewart (Mrs. Jefferson/Seasons of Love Soloist #1), Jay Wilkinson (Mr. Grey/Gordon), Tracy McDowell (Mrs. Cohen/Others), Shaun Earl (Paul/Others), Telly Leung (Steve/Others)",,"Filmed on August 20, 2008 and September 7, 2008. Released on DVD as RENT: Filmed Live On Broadway on February 3, 2009.
https://www.imdb.com/title/tt1273675/",,,,"Gift at your Discretion",Unrestricted,Pro-Shot,,"MP4 - 2.81 GB",,"Full Show","Nederlander Theatre","New York, NY",2026-07-30,https://encora.it/recordings/19592/
Video,"Repo! The Genetic Opera","Los Angeles",2002,Unknown,,"Curt Wilson (Nathan Wallace/Repo Man), Stephanie Kane (Shilo Wallace), Terrance Zdunich (GraveRobber), Lateefah Devoe (Blind Mag), John Scheker (Rotti Largo), Penney Wei (Heather Sweet), Jimmy Patterson (Luci Largo), Jimmy Waters (Pavi Largo)","Highlights include a show trailer, two songs (Night Surgeon and Let the Monster Rise), and a ten minute featurette about the show released as promo for the film adaptation. Also includes the 2002 cast album, the libretto for act one, and seven rare audio tracks of songs from various other pre-film adaptation versions of the show.",,,,,"Gift at your Discretion",Unrestricted,Pro-Shot,,"MP4 40.2 MB & MP3 (tracked) - 60.3 MB",,Highlights,"John Raitt Theatre","Los Angeles, CA",2026-08-05,https://encora.it/recordings/2008059/
Video,"Ride The Cyclone",Off-Broadway,2016,Unknown,,"Karl Hamilton (The Amazing Karnak), Tiffany Tatreau (Ocean O'Connell Rosenberg), Kholby Wardell (Noel Gruber), Gus Halper (Mischa Bachinski), Alex Wyse (Ricky Potts), Emily Rohm (Jane Doe), Lillian Castillo (Constance Blackwood)",,"Archival from the MCC production circa 2016. This was filmed after Taylor Louderman was fired from the show. Multiple copies are circulating – the smaller 1.29 GB MP4 is higher resolution than the 5.28 GB MOV.",,,,"Gift at your Discretion",Unrestricted,"House Cam",,"MOV - 5.28",,"Full Show","Lucille Lortel Theatre","New York, NY",2026-08-10,https://encora.it/recordings/1119678/
Video,"Ride The Cyclone","McCarter Theatre","May, 2022",Unknown,StarCuffedJeans,"Jeffrey Binder (The Amazing Karnak), Katerina McCrimmon (Ocean O'Connell Rosenberg), Nick Martinez (Noel Gruber), Eli Mayer (Mischa Bachinski), Yannick-Robin Eike-Mirko (Ricky Potts), Ashlyn Maddox (Jane Doe), Princess Sasha Victomé (Constance Blackwood)",,,2022-12-01,,,"Gift at your Discretion",Unrestricted,Bootleg,"MP4 - 4.49 GB","MP4 - 4.49 GB",,"Full Show","McCarter Theatre Center","Princeton, NJ",2026-09-16,https://encora.it/recordings/1126298/
Video,"Roles We'll Never Play","West End","May, 2021",Unknown,hitmewithyourbethshot,"Carl Mullaney (Performer), Carl Man (Performer), Jade Davies (Performer), Tim Mahendran (Performer), Luke Bayer (Performer), Eve Norris (Performer), Caroline Kay (Performer), Ailsa Davidson (Performer), Aoife Clesham (Performer), Pearce Barron (Performer), Karen Wilkinson (Performer), Alan Richardson (Performer), Rebecca Ridout (Performer), Rob Madge (Performer), Lauren Byrne (Performer), Tom Duern (Performer), Billy Nevers (Performer), Kayleigh McKnight (Performer), Idriss Kargbo (Performer), Bernadette Bangura (Performer), Lewis Cornay (Performer), Grace Mouat (Performer), Rodney Vubya (Performer), Veronica van Muyen (Performer), Alex Weatherhill (Performer), Rebecca Gilliland (Performer), Danny Becker (Performer), Natalie Green (Performer), Christopher Howell (Performer), Sean Parkins (Performer), Layton Williams (Performer), Michael Levi (Performer)",,,2021-10-23,,,"Gift at your Discretion",Unrestricted,Bootleg,,"MP4 - 3.81 GB",,"Full Show",,,2026-09-16,https://encora.it/recordings/1113201/
Video,"Roles We'll Never Play","West End","December, 2020",Unknown,hitmewithyourbethshot,"Carl Mullaney (Performer), Luke Bayer (Performer), Tom Duern (Performer), Laura Baldwin (Performer), Trevor Dion Nicholas (Performer), Lauren Byrne (Performer), Michael Mather (Performer), Pearce Barron (Performer), Mary-Jean Caldwell (Performer), Nicole Raquel Dennis (Performer), Caroline Kay (Performer), Idriss Kargbo (Performer), Eve Norris (Performer), Alan Richardson (Performer), Billy Nevers (Performer), Lloyd Daniels (Performer), Josie Kemp (Performer), Lauren Soley (Performer), Rodney Vubya (Performer), Maiya Quansah-Breed (Performer), Oliver Ormson (Performer), Grace Mouat (Performer), Renée Lamb (Performer), Kelly Agbowu (Performer), Christopher Howell (Performer), Alice Fearn (Performer), Courtney Bowman (Performer), Danielle Steers (Performer), Matthew Facchino (Performer), Rhianne-Louise McCaulsky (Performer)",,"MTS, shot around heads and circle overhang

Set list:
Carl Mullaney - As If We Never Said Goodbye (Sunset Boulevard)
Luke Bayer - Out Tonight (Rent)
Rhiane-Louise McCaulsky - Stranger in This World (Taboo)
Tom Duern - Woman (The Pirate Queen)
Laura Baldwin - When I Am Older (Frozen 2)
Trevor Dion Nicholas - Stay With Me (Into the Woods)
Lauren Byrne - Go the Distance (Hercules)
Matt Facchino - You Oughta Know (Jagged Little Pill)
Lauren Byrne & Michael Mather - Spring Awakening medley
Pearce Barron - I Can Hear the Bells (Hairspray)
Mary-Jean Caldwell - Come What May (Moulin Rouge)
Nicole Raquel Dennis - For Forever (Dear Evan Hansen)
Caroline Kay - When She Smiles (Daisy)
Idriss Kargbo - World Burn (Mean Girls)
Eve Norris - Dead Mom (Beetlejuice)
Alan Richardson - Glitter and Be Gay (Candide)

Idriss Kargbo, Tom Duern, Carl Mullaney, Pearce Barron, Luke Bayer, Billy Nevers - Ex-Wives (Six)
Lloyd Daniels - Pulled (The Addams Family)
Josie Kemp & Lauren Soley - I Can't Stand Still (Footloose)
Rodney Vubya - I'm Not Afraid of Anything (Songs for a New World)
Maiya Quansah-Breed - Not My Father's Son (Kinky Booys)
Oliver Ormson - Home (Beetlejuice)
Grace Mouat - Corner of the Sky (Pippin)
Michael Mather - The Man That Got Away (A Star is Born)
Billy Nevers - I Am Changing (Dreamgirls)
Renee Lamb - I Dreamed a Dream (Les Miserables)
Kelly Agbowu - Empty Chairs at Empty Tables (Les Miserables)
Christopher Howell - Dance 10, Looks 3 (A Chorus Line)
Alice Fearn - Santa Fe (Newsies)
Kelly Agbowu, Nicole Raquel Dennis, Courtney Bowman, Rhiane-Louise Duncan, Danielle Steers - Is You Is Or Is You Ain't My Baby (Five Guys Named Moe)",,,,"Gift at your Discretion",Unrestricted,Bootleg,,"MTS - 15.87 GB",,"Full Show","Apollo Theatre","London, United Kingdom",2026-09-16,https://encora.it/recordings/1111464/
Video,"Romeo and Juliet (Shakespeare)","Broadway Revival (2024-2025)","October, 2024",Unknown,"The Riddle","Kit Connor (Romeo), Rachel Zegler (Juliet), Taheen Modak (Benvolio), Gabby Beans (Mercutio/Friar Laurence), Solá Fádìran (Lord Capulet/Lady Capulet), Tommy Dorfman (Tybalt/The Nurse), Gían Pérez (Paris/Sampson/Peter), Nihar Duvvuri (Balthasar), Jasai Chase-Owens (Gregory), Daniel Bravo Hernández (Abraham)","Okay 4k capture of this glitzy, modernized interpretation of Romeo and Juliet.  Shot over and around one very annoying head, which obstructs the action quite often, and there are moments of blind shooting where the camera focuses on the wrong thing.  But when I managed to get closeups, they can be quite nice.  Moderate washout in wideshots.  Due to the nature of the production taking place in the round, some moments are not captured from the clearest angle.  Audio of the intermission music performed by the cast is captured, though video is not.  As a general warning, the video contains moments of intense strobing lights: rough timestamps (07:15-09:00), (46:45-47:45), (1:04:45-1:05:30). ",,2025-05-01,,,"Never Gift",Unrestricted,Bootleg,"MP4 (4K) - 10.6 GB","MP4 - 10.62 GB",,"Full Show","Circle In The Square Theatre","New York, NY",2026-09-12,https://encora.it/recordings/2005478/
Video,"Romeo and Juliet (Shakespeare)","Broadway Revival (2024-2025)","October, 2024",Unknown,StarCuffedJeans,"Kit Connor (Romeo), Rachel Zegler (Juliet), Taheen Modak (Benvolio), Gabby Beans (Mercutio/Friar Laurence), Solá Fádìran (Lord Capulet/Lady Capulet), Tommy Dorfman (Tybalt/The Nurse), Gían Pérez (Paris/Sampson/Peter), Nihar Duvvuri (Balthasar), Jasai Chase-Owens (Gregory), Daniel Bravo Hernández (Abraham)","at least it’s a preview","Watermarked version is circulating more than the non-watermarked due to a leak. Check with traders for their files!",2025-04-01,,,"Never Gift",Unrestricted,Bootleg,"6.27 GB - MP4 (HD)","MP4 - 6.27 GB",,"Full Show","Circle In The Square Theatre","New York, NY",2026-08-26,https://encora.it/recordings/2006015/
Video,Schmigadoon!,"Broadway Center Stage","February 6, 2025",Evening,"Medium Observation","Sara Chase (Melissa Gimble), Alex Brightman (Josh Skinner), Isabelle McCalla (Emma Tate), Javier Muñoz (Doc Lopez), McKenzie Kurtz (Betsy McDonough), Ryan Vasquez (Danny Bailey), Brad Oscar (Mayor Aloysius Menlove), Ann Harada (Florence Menlove), Kevin Del Aguila (Reverend Layton/Leprechaun), Emily Skinner (Mildred Layton), Ayaan Diop (Carson Tate), Angel Reda (Countess Gabrielle Von Blerkom/Ensemble), Richard Riaz Yoder (Harvey the Innkeeper/Ensemble), Nathan Lucrezio (Farmer McDonough/Ensemble), Jess LeProtto (Pete/Ensemble), Phillip Attmore (Freddy/Ensemble), Brandon Block (Buford Riggs/Ensemble), Holly Ann Butler (Helen Pritt/Ensemble), Max Clayton (Larry the Fireman/Ensemble), Kimberly Immanuel (Zaneeta/Ensemble), Eloise Kropp (Nancy/Ensemble), Lauralyn McClelland (Ruth O’Reilly/Ensemble), Shina Ann Morris (Norma Nelson/Ensemble)","Near perfect video of this AMAZING show. There is some washout in wideshots but that's really the only issue with this video aside from some shakiness and readjusting throughout.",,2025-09-01,,,"Never Gift",Unrestricted,Bootleg,,"MP4 - 10.9 GB",,"Full Show","The Kennedy Center - Eisenhower Theater","Washington, DC",2026-08-07,https://encora.it/recordings/2010157/
Video,"Sing Street","Huntington Theatre Company","October, 2022",Unknown,catherinewasamassivec,"Adam Bregman (Conor Lawlor), Dónal Finn (Brendan Lawlor), Courtnee Carter (Raphina), Dee Roscioli (Penny Lawlor), Billy Carter (Robert Lawlor), Alexa Xioufaridou Moster (Anne Lawlor), Michael Lepore (Gary), Anne L. Nathan (Sandra), Armand Schultz (Brother Baxter), Elijah Lyons (Larry), Gían Pérez (Kevin), Ben Wang (Eamon), Jack DiFalco (Barry Bray), Anthony Genovesi (Declan), Diego Lucano (Darren Mulvey)",,"Recording starts ~9 minutes into the show. Release includes heavily obstructed phone footage for those 9 mins from an earlier performance for completeness sake, but the main video/story is enjoyable without it.",2023-05-20,,,"Gift at your Discretion",Unrestricted,Bootleg,MP4,"MP4 - 8.72 GB",,"Full Show",,"Boston, MA",2026-09-12,https://encora.it/recordings/1133556/
Video,"Soldaat van Oranje - de Musical",Katwijk,"July, 2011",Unknown,,"Matteo van der Grijn (Erik Hazelhoff Roelfzema), Marlijn Weerdenburg (Charlotte), Catherine ten Bruggencate (Koningin Wilhelmina), Tijn Docter (Fred van Houten), Oren Schrijver (Anton Rover), Boy Ooteman (Chris de Vries), Jorrit Ruijs (Bram Goudsmid), Kes Blans (Paul ten Brink), Ad-Just Bouwman (Victor Verstegen), Anne Lamsvelt (Ada), Margreet Boersbroek (Hofdame Tessa), Bart de Vries (François van 't Sant), Sven Bijma (Ensemble), Christine de Boer (Ensemble), Guus Bok (Ensemble), Wouter Braaf (Ensemble), Maudy Bremer (Ensemble), Rutger Bulsing (Ensemble), Roel Dirven (Ensemble), Melissa Drost (Ensemble), Hanneke Engels (Ensemble), Niels van der Gaarden (Ensemble), Gijs Geers (Ensemble), Niels Gooijer (Ensemble), Erwin Hulzebosch (Ensemble), Lidwien Meeûs (Ensemble), Ezra van Nassauw (Ensemble), John ter Riet (Ensemble), Kevin Schoonderbeek (Ensemble), Imke Smit (Ensemble), Daan Smits (Ensemble), Thijs Steenkamp (Ensemble), Jurgen Stein (Ensemble), Willem-Jan Stouthart (Ensemble), Miriam Venema (Ensemble), Dennis ten Vergert (Ensemble), Michiel Wouda (Ensemble)",,"Pro-Shot initially filmed for a commercial DVD release, but released on the Dutch streaming platform Videoland. Filmed on July 21 and 22, 2011. 
2 versions circulate, one missing 'Een Koningin Duldt Geen Nee', the other (preferred version) includes 'Een Koningin Duldt Geen Nee'",,,,"Gift at your Discretion",Unrestricted,Pro-Shot,"MKV, 4.09GB","MKV - 4.09 GB (+ Stars on Stage MKV - 2.27 GB)",,"Full Show","Theater Hangaar","Katwijk, Netherlands",2026-08-23,https://encora.it/recordings/2017425/
Video,"Some Like it Hot",Broadway,"February 26, 2023",Matinee,bikinibottomday,"Jarvis B. Manning Jr. (u/s Jerry | Daphne), Christian Borle (Joe | Josephine), Adrianna Hicks (Sugar Kane), NaTasha Yvette Williams (Sweet Sue), Kevin Del Aguila (Osgood Fielding III), Adam Heller (Agent Mulligan), Mark Lotito (Spats Colombo), Ian Campayno (s/w Ensemble), Julius Williams (s/w Ensemble), Kayla Pecchioni (s/w Ensemble)",,"Great 4K capture of this hilarious musical! More spotlight washout than usual on the wideshots, and some light obstruction on the bottom that doesn’t really block anything. Some wandering throughout. Includes curtain call, audio fed from external source. Folder includes subtitle files made by Buffooligan.",2023-07-17,,,"Never Gift",Unrestricted,Bootleg,"4K MP4 (9.95GB)","MP4 - 9.95 GB",,"Full Show","Shubert Theatre","New York, NY",2026-09-16,https://encora.it/recordings/1139457/
Video,"Some Like it Hot",Broadway,"April 26, 2023",Matinee,"Medium Observation","J. Harrison Ghee (Jerry | Daphne), Christian Borle (Joe | Josephine), Adrianna Hicks (Sugar Kane), NaTasha Yvette Williams (Sweet Sue), Kevin Del Aguila (Osgood Fielding III), Adam Heller (Agent Mulligan), Mark Lotito (Spats Colombo), Angie Schworer (Minnie), Devon Hadsell (Nellie), Jenny Hill (Vivian), TyNia René Brandon (Dolores), Raena White (Ginger), Casey Garvin (Mack), KJ Hippensteel (Man with Suitcase/Bar Manager), Jarvis B. Manning Jr. (Sonny), Charles South (Toothpick Charlie), DeMarius R. Copes (Ensemble), Abby Matsusaka (Ensemble), Brian Martin (Ensemble), Amber Owens (Ensemble), Richard Riaz Yoder (Ensemble), Brendon Stimson (Ensemble)",,"Absolutely flawless video. There is a small head on the bottom left but it only obstructs the very front of the stage. The whole cast was really fantastic.",2024-02-06,,,"Gift at your Discretion",Unrestricted,Bootleg,,"MP4- 10.8 GB",,"Full Show","Shubert Theatre","New York, NY",2026-08-21,https://encora.it/recordings/1146070/
Video,"Something Rotten!",Broadway,"March 28, 2015",Evening,SunsetBlvd79,"Brian d'Arcy James (Nick Bottom), John Cariani (Nigel Bottom), Christian Borle (Shakespeare), Heidi Blickenstaff (Bea), Kate Reinders (Portia), Brad Oscar (Nostradamus), Brooks Ashmanskas (Brother Jeremiah), Gerry Vichi (Shylock), Michael James Scott (Minstrel/Snug), Peter Bartlett (Lord Clapham/Eyepatch Man)",,"Excellent HD capture of this hilarious new musical. The cast is just too perfect in every way. Superb performances, music, and story, and a great homage to theatre and musicals. Not to be missed! A",,,,"Gift at your Discretion",Unrestricted,Bootleg,,"MKV - 7.55 GB",,"Full Show","St. James Theatre","New York, NY",2026-08-07,https://encora.it/recordings/1218/
Video,"Sondheim on Sondheim","Alexandra Palace Concert","October, 2024",Unknown,Lasagna,"Lucca Chadwick-Patel (Performer), Josefina Gabrielle (Performer), Jak Malone (Performer), Georgina Onuorah (Performer), Clive Rowe (Performer), Jenna Russell (Performer), Scarlett Strallen (Performer), Jack Wolfe (Performer)","Excellent capture of this moving concert performance!",,2025-07-29,,,"Never Gift",Unrestricted,Bootleg,"MP4 (4K)","MP4 - 9.76 GB",,"Full Show","Alexandra Palace Theatre","London, United Kingdom",2026-08-20,https://encora.it/recordings/2008206/
Video,"South Pacific","First Broadway Revival","August 18, 2010",Evening,,"Kelli O'Hara (Ensign Nellie Forbush), Paulo Szot (Emile de Becque), Andrew Samonsky (Lt. Joseph Cable U.S.M.C.), Li Jun Li (Liat), Loretta Ables Sayre (Bloody Mary), Danny Burstein (Luther Billis)",,"Presented as part of PBS Live From Lincoln Center series, and broadcast live from the Vivian Beaumont Theatre at Lincoln Center just 4 days before the end of the run of the show, making it the longest running revival of any Rogers and Hammerstein musical in history.  Also included are interviews with the composers daughters, Mary Rogers and Alice Hammerstein.  Multi-camera pro-shot for TV",,,,"Gift at your Discretion",Unrestricted,Pro-Shot,,"MP4 - 2.21 GB",,"Full Show","Vivian Beaumont Theatre","New York, NY",2026-09-04,https://encora.it/recordings/547/
Video,"Spring Awakening (Sheik/Sater)",Broadway,"February 10, 2007",Evening,SunsetBlvd79,"Jonathan Groff (Melchior Gabor), Lea Michele (Wendla Bergmann), John Gallagher Jr. (Moritz Stiefel), Phoebe Strole (u/s Ilse Neumann), Lilli Cooper (Martha Bessell), Jonathan B. Wright (Hanschen Rilow), Brian Charles Johnson (Otto Lämmermeier), Skylar Astin (Georg Zirschnitz), Remy Zaken (Thea), Krysta Rodriguez (u/s Anna), Gideon Glick (Ernst Robel), Frances Mercanti-Anthony (u/s The Adult Women), Stephen Spinella (The Adult Men)",,"AMAZING capture, closeups, performances. Not to be missed. A+

Content warning, there is partial nudity in this bootleg.",,,,"Gift at your Discretion",Unrestricted,Bootleg,,"VOB+smalls - 3.77 GB",,"Full Show","Eugene O'Neill Theatre","New York, NY",2026-08-10,https://encora.it/recordings/316/
Video,"Spring Awakening (Sheik/Sater)","West End 15th Anniversary Reunion Concert","June 2, 2024",Unknown,Jagweed,"Jamie Muscato (Melchior Gabor), Charlotte Wakefield (Wendla Bergmann), Jack Wolfe (Moritz Stiefel), Lucy May Barker (Ilse Neumann), Hayley Gallivan (Martha Bessell), Richard Southgate (Hanschen Rilow), Edward Judge (Otto Lämmermeier), Jos Slovick (Georg Zirschnitz), Evelyn Hoskins (Thea), Natasha J. Barnes (Anna), Harry McEntire (Ernst Robel), Natalie Garner (The Adult Women), Mona Goodwin (The Adult Women), Gemma O'Duffy (The Adult Women), Chris Barton (The Adult Men)","A few short focus issues throughout. The top of a head sometimes appears at the bottom of the screen. It never obstructs anything. Recording includes the curtain call and a shot of the outside of the theatre. Filmed in 4K. External audio used.",,2025-08-30,,NFS,"Never Gift",Unrestricted,Bootleg,"9.06 GB MP4","MP4 - 9.06 GB",,"Full Show","Victoria Palace Theatre","London, United Kingdom",2026-08-20,https://encora.it/recordings/2010084/
Video,"Stephen Sondheim's Old Friends","Center Theatre Group","February, 2025",Unknown,MTTZ,"Bernadette Peters (Performer), Lea Salonga (Performer), Jacob Dickey (Performer), Kevin Earley (Performer), Jasmine Forsberg (Performer), Kate Jennings Grant (Performer), Bonnie Langford (Performer), Beth Leavel (Performer), Gavin Lee (Performer), Jason Pennycooke (Performer), Joanna Riding (Performer), Jeremy Secomb (Performer), Kyle Selig (Performer), Maria Wirries (Performer), Daniel Yearwood (Performer), Alexa Lopez (Performer)","Excellent capture of this star-studded lovely Sondheim revue in its LA run before it heads to Broadway! Shot with alternate camera in a great mix of wides, mediums, and close-ups. Some wandering, shaking, and re-adjusting throughout. Minor obstruction on the right that never obstructs action. So incredible to see these Broadway powerhouses sing these wonderful songs. Overall an excellent capture.",,2025-08-05,,,"Gift at your Discretion",Unrestricted,Bootleg,,"MP4 - 9.48 GB",,"Full Show","Ahmanson Theatre","Los Angeles, CA",2026-08-06,https://encora.it/recordings/2010439/
Video,"A Streetcar Named Desire","Third West End Revival","April, 2023",Unknown,Jagweed,"Patsy Ferran (Blanche DuBois), Paul Mescal (Stanley Kowalski), Anjana Vasan (Stella Kowalski), Dwane Walcott (Harold 'Mitch' Mitchell), Eduardo Ackerman (Pablo Gonzales), Cash Holland (Eunice), Alexander Eliot (Steve), Jabez Sykes (Young Collector), Constanza Ruff (u/s Flower Vendor/u/s A Nurse/u/s Singer), Tom Penn (Doctor/Drummer)",,"A near perfect capture of this acclaimed revival. No obstructions. There are infrequent and brief focus issues here and there. A little dark during certain scenes due to lighting but everything can be seen. The person sitting next to me is rather loud and enthusiastic but it’s not too distracting. Recording includes the curtain call and marquee.",2023-12-20,,NFS,"Gift at your Discretion",Unrestricted,Bootleg,MP4,"MP4 - 9.66 GB",,"Full Show","Almeida Theatre","London, United Kingdom",2026-09-03,https://encora.it/recordings/1142980/
Video,Summerfolk,"National Theatre","March 25, 2026",Unknown,,"Rebecca Banatvala (Sasha), Thomas Barrett (Maxim Zimin), Tamika Bennett (Sonya), Pip Carter (Pavel Ryumin), Peter Forbes (Semyon Dvoyetochiye), Brandon Grace (Nikolai Zamislov), Arthur Hughes (Pyotr Suslov), Sam Jenkins-Shaw (Kropilkin), Gwyneth Keyworth (Olga Dudakova), Daniel Lapaine (Yakov Shalimov), Alex Lawther (Vlass), Adelle Leonce (Yulia Suslova), Doon Mackichan (Kaleria), Justine Mitchell (Maria Lvovna), Paul Ready (Sergei Bassov), Sophie Rundle (Vavara Bassova), Sid Sagar (Kirill Dudakov), Richard Trinder (Pustobaika), Ivan Ivashkin (Ensemble), Aisha-Mae McCormick (Ensemble), Roisin Rae (Ensemble), Ellie Turner (Ensemble), Joe Usher (Ensemble)",,,,,NFS,"Gift at your Discretion",Unrestricted,Pro-Shot,,"MP4 - 4.56 GB",,"Full Show",,,2026-08-23,https://encora.it/recordings/2035644/
Video,"Sunday in the Park with George",Broadway,"October, 1985 (1)",Unknown,,"Mandy Patinkin (George/Georges Seurat), Bernadette Peters (Dot/Marie), Charles Kimbrough (Jules/Bob Greenberg), Dana Ivey (Yvonne/Naomi Eisen), Barbara Bryne (Old Lady/Blair Daniels), Brent Spiner (Franz/Dennis), Judith Moore (Nurse/Mrs./Harriet Pawling), William Parry (Boatman/Charles Redmond), Melanie Vaughan (Celeste #1), Mary D'Arcy (Celeste #2/Elaine), Frank Kopyc (Mr./Lee Randolph), Nancy Opel (Frieda/Betty), Danielle Ferland (Louise), Cris Groenendaal (Louis/Billy Webster), Robert Westenberg (Alex/Soldier)",,"Pro-shot for PBS filmed between October 21-25",,,,"Gift at your Discretion",Unrestricted,Pro-Shot,,"AVI - 1.35 GB",,"Full Show","Booth Theatre","New York, NY",2026-08-20,https://encora.it/recordings/11184/
Video,"Sunday in the Park with George","Second Broadway Revival","March 8, 2017",Evening,SunsetBlvd79,"Jake Gyllenhaal (George/Georges Seurat), Annaleigh Ashford (Dot/Marie), Robert Sean Leonard (Jules/Bob Greenberg), Erin Davie (Yvonne/Naomi Eisen), Penny Fuller (Old Lady/Blair Daniels), David Turner (Franz/Dennis), Jennifer Sánchez (Nurse/Harriet Pawling/Samantha), Phillip Boykin (Boatman/Lee Randolph), Ashley Park (Celeste #1/Theresa), Jenni Barber (Celeste #2/Elaine), Brooks Ashmanskas (Mr./Charles Redmond), Ruthie Ann Miles (Frieda/Betty), Mattea Conforti (Louise), Jordan Gelber (Louis/Billy Webster), Liz McCartney (Mrs.), Claybourne Elder (Alex/Soldier)",,"Excellent HD capture of the Broadway transfer. The performances have really been fine tuned and beautifully performed. Jake and Annaleigh are perfection together. A",,,,"Gift at your Discretion",Unrestricted,Bootleg,,"VOB - 7.54 GB (no smalls)",,"Full Show","Hudson Theatre","New York, NY",2026-08-02,https://encora.it/recordings/506/
Video,"Sunset Boulevard","Broadway Center Stage","February, 2023",Unknown,catherinewasamassivec,"Stephanie J. Block (Norma Desmond), Derek Klena (Joe Gillis), Auli'i Cravalho (Betty Schaefer), Nathan Gunn (Max Von Mayerling), Michael Maliakel (Artie Green), Paul Schoeffler (Cecil B. DeMille), Tyley Ross (Manfred), Kevin Pariseau (Sheldrake), Lance Roberts (Sammy)","This is an excellent video with lots of well-focused close-ups (and they were ready for them).","Master released this as month and year. Please do not add the full date even if you know it.",2023-08-20,,,"Gift at your Discretion",Unrestricted,Bootleg,"MP4 (1080p) - 8.96 GB","MP4 - 8.96 GB",,"Full Show","The Kennedy Center - Eisenhower Theater","Washington, DC",2026-08-13,https://encora.it/recordings/1138432/
Video,"Sweeney Todd: The Demon Barber of Fleet Street","First US National Tour","September, 1981",Unknown,,"George Hearn (Sweeney Todd), Angela Lansbury (Mrs. Lovett), Cris Groenendaal (Anthony Hope), Betsy Joslyn (Johanna), Edmund Lyndeck (Judge Turpin), Ken Jennings (Tobias Ragg), Calvin Remsberg (Beadle Bamford), Sara Woods (Beggar Woman), Sal Mistretta (Adolfo Pirelli), Michael Kalinyen (Jonas Fogg)",,"Commercial proshot video. Often mislabelled as being September 12th, 1982, HOWEVER, that is when it aired on PBS, not when it was recorded.",,,,"Gift at your Discretion",Unrestricted,Pro-Shot,,"MKV - 5.84 GB",,"Full Show","Dorothy Chandler Pavilion","Los Angeles, CA",2026-08-29,https://encora.it/recordings/1291/
Video,"Sweeney Todd: The Demon Barber of Fleet Street","Third Broadway Revival","January 20, 2024",Matinee,angelofmusicishere,"Nicholas Christopher (u/s Sweeney Todd), DeLaney Westfall (u/s Mrs. Lovett), Daniel Yearwood (Anthony Hope), Maria Bilbao (Johanna), Jamie Jackson (Judge Turpin), Daniel Marconi (Tobias Ragg), John Rapson (Beadle Bamford), Ruthie Ann Miles (Beggar Woman), Daniel Torres (u/s Adolfo Pirelli), Stephen Tewksbury (Jonas Fogg), Jonathan Christopher (Bird Seller), Patricia Phillips (Passerby), Lexi Rabadi (Ensemble), Alicia Kaori (Ensemble), Samantha Pollino (Ensemble), Timothy Hughes (Ensemble), Mia Pinero (s/w Ensemble), Taeler Cyrus (Ensemble), Kristie Dale Sanders (Ensemble), Raymond J. Lee (Ensemble), Nathan Salstone (Ensemble), Galyana Castillo (Ensemble), Felix Torrez-Ponce (Ensemble), Tug Watson (s/w Ensemble), Paul-Jordan Jansen (Ensemble)",,"Great capture of DeLaney as Mrs. Lovett! Her third time on for this role. Also a really fun Lovett! Good chemistry with Nick. Whole show shot from mezzanine; a head appeared at the bottom sometimes that I filmed around. Nick did something that was absolutely hilarious during A Little Priest at this performance.",2025-01-20,,,"Gift at your Discretion",Unrestricted,Bootleg,,"MP4 - 12.48 GB",,"Full Show","Lunt-Fontanne Theatre","New York, NY",2026-08-26,https://encora.it/recordings/1154361/
Video,"Sweeney Todd: The Demon Barber of Fleet Street","Third Broadway Revival","May 31, 2023",Evening,bikinibottomday,"Josh Groban (Sweeney Todd), Annaleigh Ashford (Mrs. Lovett), Jordan Fisher (Anthony Hope), Maria Bilbao (Johanna), Jamie Jackson (Judge Turpin), Gaten Matarazzo (Tobias Ragg), John Rapson (Beadle Bamford), Jeanna de Waal (s/b Beggar Woman), Nicholas Christopher (Adolfo Pirelli), Danny Rothman (t/r Jonas Fogg), Dwayne Cooper (s/w Bird Seller), Patricia Phillips (Passerby), DeLaney Westfall (Ensemble), Felix Torrez-Ponce (Ensemble), Daniel Torres (Ensemble), Kristie Dale Sanders (Ensemble), Nathan Salstone (Ensemble), Lexi Rabadi (Ensemble), Samantha Pollino (Ensemble), Raymond J. Lee (Ensemble), Alicia Kaori (Ensemble), Paul-Jordan Jansen (Ensemble), Timothy Hughes (Ensemble), Taeler Cyrus (Ensemble), Galyana Castillo (Ensemble)",,"Excellent 4K capture of this revival! Increased wandering/readjustment and unfocusing throughout. Some minor head obstruction in the second act that is worked around very well. Other obstruction throughout only lasts for a second or two each time. Due to the angle, some of Johanna's moments are blocked off by the archway. Includes curtain call, audio is fed from external source.",2023-10-17,,,"Never Gift",Unrestricted,Bootleg,"MP4 (4K) - 11.09 GB","MP4 - 11.09 GB",,"Full Show","Lunt-Fontanne Theatre","New York, NY",2026-08-07,https://encora.it/recordings/1143661/
Video,"[title of show]",Broadway,"July 6, 2008",Evening,SunsetBlvd79,"Hunter Bell (Hunter), Jeff Bowen (Jeff), Heidi Blickenstaff (Heidi), Susan Blackwell (Susan), Larry Pressgrove (Larry)",,"Cute little show about making it to Broadway. Heidi was my favorite part of the show. There were some very funny parts to the show, especially if you are a theater buff. There are about 10 mins of total blackouts, mostly within the first 13 minutes. Despite that, a nice capture and the audience was very into the show. A-",,,,"Gift at your Discretion",Unrestricted,Bootleg,,"VOB+smalls 3.43 GB",,"Full Show","Lyceum Theatre [New York]","New York, NY",2026-08-02,https://encora.it/recordings/5354/
Video,"Two Strangers (Carry a Cake Across New York)","West End","August, 2024",Unknown,Jagweed,"Sam Tutty (Dougal), Dujonna Gift (Robin)","A perfect capture. Recording includes the curtain call and marquee. Filmed in 4K. External audio used.",,2025-08-30,,NFS,"Never Gift",Unrestricted,Bootleg,"MP4 (8.70 GB)","MP4 - 8.70 GB",,"Full Show","Criterion Theatre","London, United Kingdom",2026-08-07,https://encora.it/recordings/2010146/
Video,"Two Strangers (Carry a Cake Across New York)","West End","August, 2024 (1)",Unknown,hitmewithyourbethshot,"Joe Kelly (s/b Dougal), Tilly La Belle Yengo (s/b Robin)","Shot around safety rails",,2025-01-29,,,"Gift at your Discretion",Unrestricted,Bootleg,"MTS (HD)","MTS - 9.92 GB",,"Full Show","Criterion Theatre","London, United Kingdom",2026-09-08,https://encora.it/recordings/2003703/
Video,"The Unlikely Pilgrimage of Harold Fry","Chichester Festival Theatre","May, 2025",Unknown,Jagweed,"Mark Addy (Harold Fry), Jenna Russell (Maureen Fry), Jack Wolfe (The Balladeer), Tarinn Callender (Wilf), Sharon Rose (Garage Girl/Kate), Amy Booth-Steel (Queenie Hennessy/Farmer's Wife), Madeleine Worrall (Sister Philomena/Martina), Don Gallagher (Silver-Haired Gentleman/Mr Napier), Timo Tatzber (Dog/Ensemble), Ben Redfern (Rich/Ensemble), Ralph Birtwell (Rex/Ensemble), Jacqueline Hughes (Ensemble), Nell Martin (Ensemble), Anu Ogunmefun (Ensemble)","Filmed in 4K. External audio used. An amazing capture of this new musical before its West End transfer, possibly without Wolfe. Shot from the side. Some brief focus issues, nothing major. Recording includes the curtain call and a shot of the outside of the theatre.",,2026-05-31,,NFS,"Never Gift",Unrestricted,Bootleg,"MP4 - 8.47 GB","MP4 - 8.47 GB",,"Full Show","Chichester Festival Theatre - Minerva Theatre","Chichester, United Kingdom",2026-08-20,https://encora.it/recordings/2022829/
Video,Waitress,Broadway,"April, 2019",Unknown,StarCuffedJeans,"Shoshana Bean (Jenna), Charity Angél Dawson (Becky), Molly Jobe (u/s Dawn), Jeremy Jordan (Dr. Pomatter), Eddie Jemison (Ogie), Benny Elledge (Cal), Larry Marshall (Joe), Ben Thompson (Earl), Melody A. Betts (Nurse Norma), Stephanie Torns (Francine Pomatter), Tess Murphy (Lulu), Molly Hager (Mother), Dan Tracy (Father)","A nearly perfect video and ABSOLUTELY PERFECT performance. Small obstructions occur at Joe's table (but who cares) and during Negative. The rest of show, however, is captured gorgeously (and this time not diagonally). The video is very Shoshana focused, but I try to give everyone (yes, Jeremy too) their moments. The colors are absolutely vivid and I was trying new stabilization settings on my camera and god I'm gonna keep it this way. Do not list this video with an exact date.",,2019-10-03,,,"Gift at your Discretion",Unrestricted,Bootleg,,"MP4 - 18.72 GB",,"Full Show","Brooks Atkinson Theatre","New York, NY",2026-08-21,https://encora.it/recordings/9394/
Video,"West Side Story","Hollywood Bowl","July 19, 2016",Evening,"SJ Bernly","Jeremy Jordan (Tony), Solea Pfeiffer (Maria), Matthew James Thomas (Riff), Karen Olivo (Anita), George Akram (Bernardo), Drew Wildman Foster (Action), Jose Moreno Brooks (Chino), Kyle Selig (Baby John), Anthony Chatmon II (A-Rab), Jeff Smith (Diesel), Mike Schwitter (Big Deal), Kevin Chamberlin (Officer Krupke), Jennifer Sánchez (Rosalia), Erica Dorfler (Consuelo)",,"This concert version of the show is abridged with shortened scenes, simple costumes, and no sets or choreography, but Jeremy, Solea, and Karen are absolutely phenomenal with soaring vocals and emotional performances. Very well captured with no dropouts, no obstruction, and no washout. The stage is filmed directly most of the time; the screens are occasionally filmed, usually when the actors are not onstage. It's filmed in 16:9, with a mix of wides, mediums, and close-ups. The sound is excellent. Includes curtain call and playbill scans.",,,,"Gift at your Discretion",Unrestricted,Bootleg,,"VOB+smalls - 5.88 GB",,"Full Show","Hollywood Bowl","Los Angeles, CA",2026-09-01,https://encora.it/recordings/1440/
Video,"West Side Story","Leicester Curve","December, 2019",Evening,hitmewithyourbethshot,"Jamie Muscato (Tony), Adriana Ivelisse (Maria), Ronan Burns (Riff), Carly Mercedes Dyer (Anita), Jonathan Hermosa-Lopez (Bernardo), Isaac Gryn (Action), Damian Buhagiar (Chino), Alex Christian (Baby John), Ryan Anderson (A-Rab), Michael O'Reilly (Diesel), Beth Hinton-Lever (Anybodys), Dale White (Big Deal), Darren Bennett (Lt. Schrank/Glad Hand), Christopher Wright (Doc/Officer Krupke), Thea Bunting (Graziella), Mireia Mambo (Rosalia), Katie Lee (Velma), Richard Appiah-Sarpong (Pepe), Dominic Sibanda (Indio), Abigail Climer (Consuelo)",,,2020-05-13,,,"Gift at your Discretion",Unrestricted,Bootleg,,"MTS - 13.33 GB",,"Full Show","Curve Theatre","Leicester, United Kingdom",2026-08-19,https://encora.it/recordings/31186/
Video,"What About Dick","Los Angeles","April, 2012",Evening,,"Russell Brand (Dick), Billy Connolly (Inspector McGuffin), Tim Curry (Reverend Whoopsie), Eric Idle (Piano), Eddie Izzard (Deepak Obi Ben Kingsley), Jim Piddock (Sergeant Ken Russell), Tracey Ullman (Aunt Maggie), Jane Leeves (Emma Schlegel), Sophie Winkleman (Helena)",,"Multi-camera proshot of staged reading.
https://www.imdb.com/title/tt2520808/?ref_=nv_sr_srsg_0",,,,"Gift at your Discretion",Unrestricted,Pro-Shot,,"MKV - 4.18 GB",,"Full Show","Orpheum Theatre","Los Angeles, CA",2026-08-27,https://encora.it/recordings/35130/
Video,Wicked,Broadway,"March 5, 2023",Evening,juniper47,"Talia Suskauer (Elphaba), McKenzie Kurtz (Glinda), James D. Gish (Fiyero), Cleavant Derricks (The Wizard), Michele Pawk (Madame Morrible), Mikayla Renfrow (Nessarose), Michael Wartella (Boq), Clifton Davis (Doctor Dillamond), Chase Madigan (Chistery), Christianne Tisdale (Midwife), Kristina Doucette (Witch's Mother), Michael Thatcher (Witch's Father/Ozian Official)",,"Filmed in 4K, released as 1080p and 4K. Filmed very well from mezzanine, drop-outs only for applause, No obstruction. Camera goes out of focus briefly a few times. Final show for Talia Suskauer, Mikayla Renfrow, and Cleavant Derricks—Talia was very emotional especially during For Good. Includes curtain call.",2024-10-28,,NFS,"Gift at your Discretion",Unrestricted,Bootleg,"MP4 (HD & 4K)","MP4 - 19.92 GB",,"Full Show","Gershwin Theatre","New York, NY",2026-09-01,https://encora.it/recordings/1155583/
Video,Wicked,Broadway,"March 3, 2026",Evening,onehandonmycamera,"Keri René Fuller (Elphaba), Emma Flynn Bespolka (Glinda), Carl Man (Fiyero), Blake Hammond (The Wizard), Ellen Harvey (Madame Morrible), Jenna Bainbridge (Nessarose), Daniel Quadrino (Boq), William Youmans (Doctor Dillamond), Nando Morland (Chistery), Christianne Tisdale (Midwife), Alison Jantzie (Witch's Mother), Michael Thatcher (Witch's Father/Ozian Official), Maya Bowles (Ensemble), Ixchel Cuellar (Ensemble), Matthew Deloch (Ensemble), Meg Doherty (Ensemble), Tyler Eisenreich (Ensemble), Kanisha Marie Feliciano (Ensemble), Dan Gleason (Ensemble), Josh Daniel Green (Ensemble), Jeff Heimbrock (Ensemble), Stephen Hernandez (Ensemble), Celia Hottenstein (Ensemble), Yando Lopez (Ensemble), Mattie Love (Ensemble), Emily Rogers (Ensemble), Gabriela M. Soto (Ensemble), Travis Taber (Ensemble), Jeremy Thompson (Ensemble), Maggie Van Wieringen (Ensemble), Michael Williams (Ensemble), Kelsey Kaufman (s/w Ensemble), Micaela Martinez (s/w Ensemble), David Scott Purdy (s/w Ensemble), Dashi Mitchell (s/w Ensemble)",,"First performance of the new cast! Broadway debut for Emma & Carl, and lead debut for Keri, plus Blake's first show on Broadway after nearly two years on the tour, and Ellen's Morrible debut! Starts a couple minutes into each act. Some very minor shakiness/obstruction, particularly in act 1.",2026-09-01,,,"Gift at your Discretion",Unrestricted,Bootleg,,"MP4 - 9.22 GB",,"Full Show","Gershwin Theatre","New York, NY",2026-09-02,https://encora.it/recordings/2030612/
Video,Wicked,"Second US National Tour (Munchkinland)","September 24, 2017",Evening,kradder32,"Jessica Vosk (Elphaba), Ginna Claire Mason (Glinda), Jon Robert Hall (Fiyero), Tom McGowan (The Wizard), Isabel Keating (Madame Morrible), Catherine Charlebois (Nessarose), Sam Seferian (Boq), Harry Bouvy (Doctor Dillamond)",,"A wonderful capture of Jessica's final performance, with no obstructions or washout. Jessica gave a top-notch performance and added new riffs. There are a few quick dropouts during applause and a nice mix of wides, mediums, and close-ups. Audio is perfect and curtain call is included. *Commonly mislabelled, the MP4 is Tornado With Pigtails' master from the same performance.",2018-01-15,,,"Gift at your Discretion",Unrestricted,Bootleg,"VOB and smalls, 6.61 GB","VOB+smalls - 6.61GB",,"Full Show","Aronoff Center for the Arts","Cincinnati, OH",2026-08-10,https://encora.it/recordings/116/
Video,Wicked,"San Francisco","September 5, 2010",Evening,"SJ Bernly","Marcie Dodd (Elphaba), Alli Mauzey (Glinda), Cliffton Hall (Fiyero), Tom McGowan (The Wizard), Jody Gelb (Madame Morrible), Deedee Magno Hall (Nessarose), Etai Benson (Boq), Paul Slade Smith (Doctor Dillamond), Nicky Venditti (Chistery), Fiama Fricano (Midwife), Neka Zang (Witch's Mother), Tim Talman (Witch's Father/Ozian Official)",,"Final show in San Francisco",,,,"Gift at your Discretion",Unrestricted,Bootleg,,"VOBs+smalls - 7.48 GB",,"Full Show","Orpheum Theatre","San Francisco, CA",2026-08-02,https://encora.it/recordings/519/
Video,Wicked,Broadway,"May 12, 2013",Evening,Lanelle,"Willemijn Verkaik (Elphaba), Katie Rose Clarke (Glinda), Kyle Dean Massey (Fiyero), Adam Grupper (The Wizard), Randy Danson (Madame Morrible), Catherine Charlebois (Nessarose), F. Michael Haynie (Boq), John Schiappa (Doctor Dillamond)",,"Filmed from the right orchestra, at a slight angle, but excellent quality. The taper originally released this as a blu-ray, 2-disc DVDs or 1-disc DVD, so make sure to get the version that best suits your needs.",,,,"Gift at your Discretion",Unrestricted,Bootleg,"VOB (with smalls) - 4.27 GB; VOB (with smalls) - 7.45 GB; M2TS - 24.02 GB","M2TS - 24.02 GB",,"Full Show","Gershwin Theatre","New York, NY",2026-09-12,https://encora.it/recordings/278/
Video,Wicked,Broadway,"August 5, 2008",Evening,broadwayspunk,"Kerry Ellis (Elphaba), Kendra Kassebaum (Glinda), Aaron Tveit (Fiyero), P.J. Benjamin (The Wizard), Jayne Houdyshell (Madame Morrible), Cristy Candler (Nessarose), Ben Liebert (Boq), Steven Skybell (Doctor Dillamond)",,"No obstructions, only two brief blackouts at the beginning of Act 2. Slight shakiness and good combination of close-ups and full stage.",,,,"Gift at your Discretion",Unrestricted,Bootleg,,"VOB+smalls - 7.17 GB",,"Full Show","Gershwin Theatre","New York, NY",2026-08-26,https://encora.it/recordings/7/
